fips5,soil_clay_topsoil,soil_sand_topsoil,soil_silt_topsoil,soil_om_topsoil,soil_awc_topsoil,soil_ph_topsoil,soil_bd_topsoil,soil_ksat_topsoil,soil_cec_topsoil,soil_clay_subsoil,soil_sand_subsoil,soil_silt_subsoil,soil_om_subsoil,soil_awc_subsoil,soil_ph_subsoil,soil_bd_subsoil,soil_ksat_subsoil,soil_cec_subsoil,soil_aws_0_100cm,soil_slope,soil_drain_poorly_pct,soil_drain_somewhat_poorly_pct,soil_drain_well_pct,soil_drain_mod_well_pct,soil_mollisol_pct
27001,9.767234963915321,43.522278776045624,46.71048626003905,35.90329789510213,0.3029945215927674,5.925045385192798,0.8848461981550649,59.39387320308078,65.56763270795932,13.487011173790904,47.61814279350398,38.89484603270512,29.459248689517814,0.2576705731975789,6.29102096942505,1.0380516288621047,41.36056461980297,52.22625549763939,27.126775771613545,2.051195962671314,12.196215895536419,15.621741192654687,7.456308201398773,9.263973599666357,0.31384288720680203
27003,5.640038491700801,66.92538291230449,27.434578595994722,21.255789647200782,0.1969925532844717,6.005922137870742,1.2043955093046923,102.75959398838518,44.917997713182686,5.043556865308899,70.34614092141412,24.61030221327698,17.51710678445057,0.17494628444596683,6.109465732757995,1.270912767953356,108.72346996285373,38.41452565332247,18.156016509751833,2.616159324991524,3.234819375821585,10.921713932213006,6.680556085032477,3.3857489904943465,17.425629602447895
27005,16.134659983438436,54.24673136137537,29.6186086551862,13.901633297445354,0.1949143343558014,6.646062182579062,1.2744472499971307,33.432409047849404,27.60783522709854,17.911277438188986,55.263968235303615,26.824754326507403,10.611531241182426,0.17277995190280673,7.189450097681918,1.356418359887613,48.94616542240069,22.273600690926727,17.942026663870514,5.6312410169787235,10.053148290748554,5.138017624856641,32.05059551402947,14.832437213106047,34.347226574780485
27007,8.686253360542773,51.20391215779544,39.98683064367758,35.48481831028931,0.28016985997035143,6.4223178585284915,0.9041453813171334,61.106965129764546,63.58853042996179,14.321391148765871,50.19209714757902,35.41691783700607,26.91443967802704,0.24286675277695022,7.025570498797704,1.0656148461604338,46.21947111103333,48.453450991756895,25.405768493497053,1.8078464656252078,17.075846765945595,6.716896371735167,11.794895677751565,8.80613896391262,6.569485898264506
27009,9.439866326246523,49.305608181806434,41.25452549194705,9.349944183841066,0.1953820339277109,5.852238865945335,1.3820532182803167,34.1106462981651,24.797584989243738,11.337609678082593,60.04689513032377,28.615495191593638,5.414834241936936,0.146649481429779,6.253621265473134,1.5227059019705853,47.61079836482932,18.879783280337506,16.125440864262075,1.8699136412486068,11.44647075867842,34.245123635744825,2.535057851011607,19.29291376849477,19.970388438076345
27011,27.81652801987951,28.54840782890691,43.63506415121358,5.317738658936967,0.19179171378416013,7.3895929117575205,1.3488158690429164,6.355785426564021,24.541631596263628,27.060884738023756,30.78248615524401,42.15662910673224,1.735885356234594,0.16636950032441036,7.7639213882491775,1.4189472327260044,10.663570453341064,19.72181225725114,17.38867140543002,2.3158868573276505,19.42839261303398,10.336061125804301,18.652949158460746,36.385901473483564,87.38437215230003
27013,32.01875072200855,24.717510935764793,43.26373834222666,7.169180350790628,0.1964048856263319,6.643764572046021,1.239746667190776,7.191920405515903,30.501713687497368,33.36280437064365,26.219215807701733,40.41797982165462,3.464170537863942,0.1688481160098717,6.908994264295066,1.3435042802200443,7.647870784699782,27.699498907701514,17.643761463907087,3.4151504684463148,43.92467461872398,15.139931241043675,12.530431012306833,12.793300839273632,83.45575378208464
27015,26.92172456264907,35.30303610180272,37.77071877308615,6.161003903304935,0.18903944032550082,6.847271388563319,1.203303864607809,8.67611960397464,25.257398165639263,24.74462702544583,41.3619488512376,33.86320115525236,2.4702741874368055,0.1669365895501894,7.242056804622621,1.4052692841550731,16.109648298427196,19.99077925554063,17.326026292764755,2.208197876903567,41.24228986913108,11.269427102700307,11.544434796177914,15.931319702148647,96.208342935066
27017,12.587590369202541,42.37599699660033,45.03641263419713,21.934515526279032,0.24733955381343944,5.718154783688282,1.1348437303117247,57.04273628725062,37.62826570066396,15.386953108143349,45.79671467880079,38.81633221305586,17.75771567674848,0.19841171784802672,6.104501424300959,1.2934751692995743,47.81989697946778,23.9458675579244,21.07528945964733,4.583942299840059,2.980868858564995,15.904043532558793,25.176936667058385,7.858242325135791,2.084806427904179
27019,24.780540152488864,38.56060091593147,36.65885893157967,11.129430250148118,0.21507255763869917,6.556268372558616,1.2026891452063717,10.949184481121323,34.52886218147813,27.406692344939046,37.18616007579489,35.407147579266066,6.795637518131157,0.1878975253996305,6.660218535518848,1.3447369729259036,12.490754836015652,29.824865395424638,19.60500350713511,3.9073863110544553,24.855483529913844,14.636482327727496,31.186316247580702,9.343182813329111,54.14926507288019
27021,7.114022290581604,65.03816024210313,27.847817467315274,19.1989891672015,0.2108323714555606,5.880661837770629,1.1707859747097387,59.84811511902354,39.58601144080643,10.563322366838564,63.527271820815535,25.909405812345895,15.39475849684583,0.18357536529478327,6.198007670075954,1.2895142859083624,48.38431926484243,31.352948484521217,19.175246714301647,3.828379359616349,7.056278708679933,8.830482414286726,22.383853744292228,14.379885939865456,2.2106700808307584
27023,27.856276165050083,17.667536260665184,54.47618757428474,5.258780537017996,0.20347191322599076,7.3887298409400755,1.320935158348437,8.218087827367734,24.129759371237412,25.560183523026776,20.87985278338676,53.55996369358646,2.0204303962476633,0.1819667203895015,7.651229256631415,1.4072495382873687,10.199030597328521,17.68962488253495,18.834316796545828,2.1733542200541747,15.241831849664319,16.69715760368745,24.475125240617416,22.916638990405417,99.03599430621813
27025,9.674244197864372,58.77313373408674,31.552622068048887,12.769914808090917,0.19232309385604132,5.820665421625343,1.3157607238271574,55.16681897327061,39.305769124279315,17.267982042748592,53.48411516233833,29.247902794913077,10.26269141359691,0.16959066800551792,6.014998001434065,1.3808674341340748,51.74267337171897,32.601952160797985,17.63105671899817,4.193222668629771,8.212712632231051,15.543750098384345,16.376052762303623,17.674873564908662,7.498762100776254
27027,25.988551044889697,31.94897835686521,42.06247059824509,4.954260753507141,0.17899009208363334,7.475076836114183,1.2925926024224437,16.659623765913715,23.690562868693906,25.65951777104028,36.040105071864375,38.30037715709534,2.0377375086068694,0.15515683718699155,7.795908035225884,1.3991979527851184,25.198121430532215,19.613502132889735,16.23068136559841,2.299190262073178,33.556694367933495,28.46489316237039,18.64384426978414,11.170392860834973,75.5995606611459
27029,12.26494295018221,57.29342515049176,30.384086722457234,19.90372008646224,0.2139415639678026,6.436868874475811,1.1595210401649265,34.250483334722496,44.440483195120194,19.237262657051406,53.18351978845372,27.54643245722614,14.04312249740763,0.1919523640451541,7.059007269542277,1.283186190626955,37.54804766588334,36.866429422701074,19.854912402194863,3.8413706377473833,13.736989601268196,3.488740655719433,32.488886452600156,16.828051411156302,8.955996505701062
27031,11.907692545992072,47.969405635454756,40.122901818553174,12.112641609502147,0.1777169536235862,5.345980350162877,1.3187927909191883,24.145675222073812,26.111526684266995,11.124421072332016,54.556952830875275,34.31862609679271,10.907168561843546,0.14830892535053006,5.799957346730362,1.406188440268818,23.36585368563482,24.38808927459775,14.201471505731583,9.164668060246376,3.794649414482613,8.542331469153087,42.10526597249126,16.69007151702124,0.0
27033,27.866761545628844,33.64598165882519,38.48725679554597,5.267051947449155,0.18937480514791002,6.745550732224674,1.260530355159038,7.255157904067315,23.893112392265355,26.297897165916535,37.00315869862644,36.698944135457026,2.416984060796778,0.17393840171725117,7.186567656521966,1.408649978677066,9.892009662065522,20.356808140823013,17.815539017086273,2.6618159926429956,34.21916545168231,18.11269287667337,16.14693257110066,19.936262395254314,94.52752698652331
27035,7.509272885973967,70.65704643622189,21.833680677804143,18.867027083894474,0.20792650286455217,5.430898452141916,1.2564756333879492,88.36735986131872,38.31618716774064,6.611745382119357,79.92597416587759,13.462280452003059,15.360286279842194,0.16247681009651282,5.786110446738548,1.341201509901029,75.11083716378907,21.227255891718833,17.611171792692463,5.324498640393254,4.843434038486672,15.472435868328265,6.0138915128716945,15.552831858312842,1.4894778029014364
27037,18.16923887394923,40.35781324715062,41.47294787890016,4.517715091414966,0.18806085038519826,6.40325042125641,1.3846444725536042,20.31301603329748,20.609422479117743,15.628194185171715,52.490820933362095,31.880984881466187,2.148723199232745,0.14731773007211513,6.657128729598976,1.4968813487332409,45.32165296786834,15.268297791814387,15.77754911357683,4.68459767982937,10.554076721643382,6.889739563951264,57.112130165078355,3.623799873276444,75.87164069920651
27039,23.94736408319466,21.064522237327868,54.98811007501982,4.7289115231389145,0.17707543997251743,6.403331281983303,1.3469330783017184,7.907557145731071,21.54090279520341,24.773483546394544,32.322641968714315,42.90387086546939,1.7535872255865768,0.14915080940304376,6.472712541517683,1.5666127170479909,10.57343169508207,20.444716110317387,15.677920052135786,2.779850810264435,31.356547764794346,33.155352958990136,12.608184629776753,21.1962948276368,80.63234788579176
27041,22.948717916838266,41.77925692672779,35.27202515643394,9.487303961521636,0.19433671461697755,7.0344207972318475,1.292728619193876,16.423910598684962,29.124240978095806,22.85408236695497,43.83689641283432,33.30902122021071,5.569409800065119,0.16947444807606676,7.481028551823967,1.3846294398457086,37.1087683285512,23.252602656403216,17.693312803834,4.128565603593047,13.455525422270256,1.117286536327201,44.77956397993908,9.423305445631637,60.592197096152454
27043,31.52164510238903,23.958695640202638,44.51658231848995,7.049120543823226,0.1997836443868811,6.772154011193877,1.2113564286534422,4.963883747329268,28.933587922776752,30.66817104587422,26.48124808695961,42.84721917044595,3.3250210513060603,0.17701683125428536,7.163852119162257,1.359536989982033,5.893447144011715,25.531936732284077,18.38468751940641,1.9797378442724791,43.67070736945379,17.53917358074652,12.031117715308937,12.836597035169886,93.88307770113751
27045,21.921418458000268,13.518869394496726,64.55751469662262,2.289500465596764,0.2078147556951754,6.345351387898642,1.3867477013076455,9.608576823873994,18.768340043146708,25.727615468166764,16.481627131811134,57.78890804606412,0.799781015399131,0.18050810451815807,6.161368334550905,1.4558539102976282,8.416146603942984,20.59717683938905,18.103699830060354,9.878492629013472,4.3874170728200355,1.5729913681087184,81.25861182534685,10.4585168122569,30.972482646571493
27047,27.4287590684965,30.421088330373603,42.150152601129896,8.982478076444833,0.20567647804895375,6.633723522669362,1.1862138523947259,7.946657888122395,29.908490551314934,26.5021133250128,34.89201725167731,38.60586942330989,4.643487156349419,0.18079660513684606,6.9095640201078545,1.36410333752304,11.326785065598502,25.040372526271213,18.82605670104784,2.211226172575755,39.79505244626883,10.612972590281265,15.29971421741492,13.164839906430839,77.90697319236943
27049,18.68382614792364,19.372041426802614,61.94413242527375,3.0820580908930846,0.2061315505504259,6.509983870352807,1.3679049459335024,12.34706556426465,16.340069034943113,20.602464356681466,23.296195382373266,56.10134026094527,1.1262470975685532,0.18100395330421862,6.370984457038576,1.4724061880566885,16.669452177979437,16.76150203383896,18.614142115200263,8.853739638051554,8.599404866498556,11.337009467071098,48.60888737462299,24.446807367887736,46.424446991289614
27051,26.752200567167716,34.36676690070448,38.881032532127804,5.3444363066509,0.18628437907824447,7.216542625714711,1.3412272720119063,10.823719762271121,24.458555659261382,26.435177572395737,35.62610942179966,37.93871300580461,1.6569787479779987,0.16426071572959305,7.762582024659931,1.422579892706601,19.51907482700057,19.27922147719399,17.08678147341885,2.264059246483604,22.684965228085535,13.301234854609072,13.857312783375999,38.26946266936129,94.48959802174865
27053,19.69559748297174,44.70888113664966,35.59390842320815,10.240886240401874,0.1980315896521508,6.520010661678264,1.2474190124800182,20.748835980278123,31.191549550408634,21.857187665559934,44.92196797750835,33.219247005731454,7.198004408741797,0.17173640504279203,6.549517493866417,1.3620237936253485,29.328726171200447,28.021254316236725,17.962496042559966,4.752088683864606,14.226779416241344,8.146021192800424,36.437689310999616,8.993237104782652,44.37972747423674
27055,21.255040419366438,19.863092317963762,58.88186726266981,2.2345998587087235,0.19471574281349682,6.404197770823668,1.3994985188895923,11.793954668489588,16.565267901176266,24.683708196961664,22.512171209344135,52.80412059369419,0.9769982253334786,0.1560485857482072,6.329582003214192,1.4361195472980557,13.75841998778263,16.739291756517787,16.623566870050997,18.878488126983214,5.2288146637165545,0.7712095144378264,79.50904530518989,5.589793942387082,21.736483541117767
27057,7.820828576523297,72.45140331857182,19.72776810490489,12.09709872963109,0.1677397538232886,6.137563216405109,1.3436032222264593,48.06369642082433,30.558309777677596,7.6777026297749424,76.05149982092134,16.270797549303733,10.625971934458391,0.1416475203727005,6.4993742301617665,1.3966021982129833,69.88477263212063,26.73127368792311,14.947519040787693,6.6453627345804716,2.9137973882937387,1.2683514376744742,28.431225513023122,8.278908228112632,7.541328597595601
27059,7.999606935621712,62.59238943616182,29.40800362821647,16.575416653209714,0.1896983370881139,5.904806178691975,1.271090058762944,95.26033581896561,37.25936808334652,12.035447341437797,61.40366852675689,26.560884131805313,13.088396486484875,0.16698835597141337,6.06283034587133,1.3359821809479946,90.25849315110015,33.94981518368078,17.380135030642354,3.443458350410956,4.533539777373324,14.636876311593571,14.6092716472761,13.254541422887623,6.450221309456077
27061,12.466044597294493,55.33068697365811,32.203268429047405,24.852090094178056,0.2450407725365149,5.960977392786795,1.1081802855466856,65.0150832226892,44.12954026206643,19.17734726263431,52.36758721013293,28.45506552723277,20.42774166723917,0.2109251682055067,6.409471638370915,1.2312934937104048,40.76262112066033,37.07368279789008,22.115984950480915,3.703451713566762,8.83385082919003,10.77727367023416,21.908719383876246,13.619684317322697,0.0
27063,29.98683927543727,29.307816270636685,40.705344453926045,5.422860449813734,0.18921599411592196,6.747466912410944,1.2270127361286898,5.961971818776404,25.751404240301035,28.96437090139011,31.78289562312279,39.2527334754871,2.5592521383890428,0.1746153479273242,7.11737800515201,1.3823805609571884,7.460195276104761,23.425343845397027,17.899554178390353,2.3949738387788084,34.541169657214866,18.063336561814783,8.790684956134166,23.644645632704027,96.54143749651905
27065,10.830414307806382,35.8764641629478,53.29312152924581,15.6454752915759,0.23980452556035572,5.718003256957394,1.2527499562829167,22.147163758964258,38.6292962649326,14.386323093535621,49.23445949957137,36.379217406893005,10.31355319908493,0.18071686410831203,6.214531144935235,1.403306310317435,41.30510004480715,28.524832692705647,19.844316254392513,2.2403081934035733,11.595560229406395,32.57983832299665,9.457533165323369,18.38124765747625,0.11758491592182184
27067,23.57405775484533,38.86131383267135,37.564628412483316,8.590810699253787,0.20022242248810793,7.122351943327291,1.2513511138431535,15.061697879861267,28.153279082818912,22.02902458756424,44.64699705385558,33.32397835858018,4.961822522314491,0.167715485478085,7.480516103045836,1.3869364417179646,29.190744621529937,21.860827115612526,17.746756658109188,3.2480361981652193,26.29825961331672,4.364464374489565,24.298856924428407,15.452973795008221,81.73367439708588
27069,31.07162751185223,42.01413090416715,26.914241583980616,8.538143290959315,0.16879486508532338,7.397424483454427,1.246657072414346,29.108910276548723,31.785888934081886,31.144700331817223,44.1578637436451,24.697435924537675,2.871165243043253,0.13041104412268417,7.725254762100556,1.4294360830351078,34.91854288094511,24.05543157557237,14.192619041147593,0.9200997986657516,58.08061104063418,13.561786502624399,1.0473690576244703,11.232123439232582,40.69704440143229
27073,26.661880933498086,30.50346311775645,42.834655948745464,4.743496876228098,0.19405942481983168,7.251594252287921,1.3043378151372513,8.178419660826025,22.50070989307515,25.418957612584848,32.95133059511411,41.629711792301045,2.0071725717649676,0.17448559915828318,7.58879133701807,1.4001644030589486,13.4175169810906,18.744376072609892,18.028584263749405,2.431613165535282,29.74504220203209,2.05631008506604,31.144176630800192,21.841015107788948,96.3137707185504
27075,12.233566830984506,47.66474270945099,40.10169045956451,19.719134706091282,0.21971913445142957,5.453509848534456,1.1867366412285296,31.35738062503958,27.59950974796214,12.626601218745746,54.017809793306476,33.35558898794778,18.017638660209673,0.18558615163955444,5.875260850079804,1.2722255465265433,29.451194214530396,26.70642754235008,18.31396224876283,7.146606772092574,6.38917247418506,9.14974266131026,31.34501868001464,15.695285512316644,0.0
27077,10.639163574894487,44.80023147043319,44.56060495467233,43.8052926371496,0.3192880925425073,6.605399038456829,0.7458709512234469,57.34965650147314,78.27884541555896,15.234024870932938,52.380263140073424,32.385711988993634,33.16878754324967,0.264473871199557,7.137656238385406,0.9500436379051855,47.44246795950655,55.72643260774005,28.050435384604533,0.9719082256716883,23.415575836746886,6.789769122558052,0.32265008793695016,7.253907728351209,5.4223526209261665
27079,26.19253820195558,35.25288578558855,38.55457601245587,9.009648175790243,0.20465907463120336,6.470059460523725,1.21436796208152,9.225619274226206,30.96744495143188,28.925332703080105,33.1741182225152,37.900549074404694,4.977345428793965,0.17923553833874692,6.522102954537426,1.3558593948682682,11.864499464554259,27.56289490650552,18.562695011363306,3.953777995697325,28.015825170772608,17.995743988163426,26.321227491675614,8.198111841185467,56.32276198190092
27081,27.380599731235876,26.41319698143006,46.20620328733407,4.192865330935029,0.19497140341559108,7.10594028544181,1.3995444342522005,8.154429661257453,22.963570289489216,28.793518629646307,28.647965265152344,42.55851610520134,1.508223681402929,0.1712198265972231,7.561703827138729,1.4463658287461638,8.437754876323405,18.95854864377438,17.83452996427335,3.9621440715314686,19.006467197486504,4.1392805611029555,47.15539853342523,19.905697276356975,99.7792612758868
27083,28.047985437168332,32.337290654827115,39.61472390800455,4.629436934205142,0.19087779956843787,7.195125464909979,1.3395678360035783,7.210923258087803,23.406895615476735,27.79838670851212,33.34376533760449,38.85784795388339,1.7974962217358494,0.17265111296805125,7.578620592393727,1.435496950185475,9.112780743198002,19.193447318394007,17.811911894816728,3.0214133019665983,29.723039541205004,4.441285567960294,32.03891126354604,22.152323987743223,98.65703835797402
27085,28.03721449944917,34.10344293764816,37.85180504757165,9.703113734032964,0.20401362732860784,6.910312751525117,1.1808431476701262,7.471491768894681,31.559220701604726,27.146292064676587,36.17932055448503,36.66663442204408,5.150880143088969,0.18625538961511479,7.208974986542847,1.3658304562787038,8.513774576696369,25.684451787256528,19.129778077254553,2.0405685436938423,34.81344902631685,13.432084118435606,13.300324402021744,13.422584455063957,84.47404064154588
27087,22.46758889167274,41.76498396437132,35.767427143955935,10.245320589285871,0.2004150335131135,7.061183996208309,1.2899028657610754,15.417701917498215,31.281562360381614,24.630644166650182,40.35679640092618,35.01255943242364,5.260181284600798,0.17397026290279108,7.503360082871157,1.3966084709894113,20.397965460125093,24.146737545882143,18.190369408588783,3.4109439932701986,23.285931817451818,12.664141731612844,32.42938061673663,12.971697599034712,50.65686632586487
27089,21.957544320377725,42.563151726650865,35.28777059053337,12.624631222605789,0.19515114464026523,7.382586004721472,1.1884687659866917,25.66478979534635,34.7869741679218,24.41165130446285,43.885596635483424,31.560717052410336,4.427379320593258,0.1488223359601181,7.786393902514167,1.3961544930633898,33.06231251990339,23.530273449353917,16.272097856416227,1.0892541255342063,56.71138507882423,13.443090404956697,0.3778709338220515,12.073390227568161,64.61240648920791
27091,28.731099450100178,31.865764145003894,39.3989982256978,6.375317616552004,0.1910989492797198,6.9966950158243195,1.1865636546331881,6.011793239645348,25.1425500843259,26.804746974001603,35.58320516309019,37.60744933931344,3.130546540104966,0.1785575753265416,7.3488547660750605,1.3854654270718219,7.77663570959415,21.877299111863092,18.231998751249506,1.9540156524531145,38.068638764629775,17.768882708408032,11.921626978022685,12.734527526043138,94.028603121205
27093,23.635098613322057,36.88059854342108,39.47805299405589,10.00431132294535,0.203448475779263,6.861968324937392,1.2200955081414886,14.676762361783089,32.75415055433975,22.683593193489454,42.71067258286598,34.5985456407523,6.28181010054068,0.1716490236428792,7.18024181580176,1.3524047501091405,27.883160240689264,26.31480965231833,18.118885928379434,2.9104318921156915,29.185176422652027,10.052746068360904,21.46309943941694,12.310151613730014,75.6258117939315
27095,10.350116410067228,33.142813073023966,56.50707051690881,19.88595899403228,0.2532025381827178,5.748607696182955,1.1721264780063945,29.30506470037647,48.18499710563465,14.32799120640655,45.6746357029569,39.99737309063655,14.367752236257477,0.20358200169351875,6.200447132645973,1.3208150973084545,38.636970230071384,36.3020972492552,21.8456386345823,1.9151094067036658,12.17242248550542,35.4451630321739,4.318289825486493,13.118420962007601,0.9867637517717893
27097,9.416051064701577,61.72310522666166,28.860843708636757,14.370310383753722,0.19715424868420997,5.88278002269001,1.2823538389915246,46.4114154730705,32.94690864367674,10.148052874193585,68.9427303539667,20.90921677183972,10.333767870426424,0.15141801260012344,6.218738203498348,1.4269558373145799,47.929938049495,21.98429749242552,16.51388834253494,3.438080985429473,14.134183013680623,21.02659708986159,8.010184736941786,15.253133402276609,15.03038835322946
27099,24.30197508902845,27.137040263779568,48.56097929395836,4.538297915474527,0.17419822785861186,6.389622980371725,1.368009609812425,7.7260702626083395,22.20978055932394,23.495869834691515,40.375875464056755,36.12824935889777,1.6676821750496356,0.13834801132451885,6.481310431577522,1.5717158997014515,13.287644445824187,19.514581717407303,14.908140968332926,1.7249847731651153,40.71354807151212,38.8858292416788,13.147733449359922,4.2521530761074775,53.922855189573404
27101,27.64035131358681,30.868580887351527,41.49106779906166,4.667083115680046,0.19092823869491823,6.941120210368979,1.330321898432158,7.735164407092066,23.32755478650585,27.19998721711973,33.321259787504026,39.47875299537625,1.661549017776801,0.17193788221738926,7.395535678340511,1.4302483128068006,9.529514700046787,19.177574687173408,17.763498916064794,2.9091311864469103,28.532158767323747,11.203388317254552,25.981513412216028,25.238285143717903,98.02337709956814
27103,28.031501944228495,33.05069690481131,38.90444842431872,8.518745007244556,0.1979834461311033,6.826044327225074,1.1939659086525618,7.462959302588216,29.60409576784166,27.74786505489628,34.63000103321343,37.544468734381304,4.31285745208474,0.18149076277331808,7.10818908774009,1.3788095446650575,8.19225531299784,25.24988171444213,18.573430624193854,2.9178669917726157,37.22553817771667,16.58850979348013,12.118196703625502,12.489630959043064,86.13019224865361
27105,30.175614235246993,22.86677464371937,46.957611121033636,5.182386435435376,0.19548482552044003,6.645432775012724,1.2655155495655614,6.670950317440513,25.67701389452503,28.198434567780794,28.79879905369138,43.002766378527824,1.9173580428728085,0.17432585906180242,7.129285028951703,1.397281964481533,9.30255294308734,20.743601187325893,18.06735489993937,2.302971186741173,32.94765284882232,26.702505948042454,17.39751747203271,17.128379221359108,98.38448978162421
27107,28.061486860596343,31.66096066212965,40.277552477274014,4.508438897563672,0.1734501200408373,7.543959952488851,1.2815096541515767,17.011436602614484,23.95530590641723,27.92620261032808,35.38965102738182,36.6841463622901,1.566218129061263,0.14796924146911986,7.833853189376375,1.4014581018455798,24.700226334425757,19.875809548411745,15.561350504063507,1.2675317377652855,45.98445667674878,31.46684082638981,5.416057161640553,9.487212905581115,69.41356285645467
27109,21.072128102496293,22.634809303060045,56.29306259444367,3.2355290349821892,0.20253511843469316,6.462566424856092,1.3736723468553567,11.017074385706913,18.832389330680115,22.858976472876364,25.444121200557138,51.69690232656649,1.2460742097098143,0.17513014891573833,6.393410362751241,1.4522405479411757,14.679633380607777,18.326337932526776,17.57026825704687,6.340172601293525,10.28868411479222,10.579089917157226,62.14198473485347,11.15277071483139,52.8232498622952
27111,15.576860397857454,54.125705358896944,30.2974342432456,11.15182456987041,0.18799138228850606,6.712289385900318,1.307806137776112,27.496079816429198,30.533870086840274,16.127632656704773,59.236288841742464,24.636078501552753,6.974596997740369,0.15517447605207885,7.200457470452895,1.4095745708036138,48.33600961669653,23.16473910447638,16.5019547923007,4.978380749370383,8.674333720294724,2.2766338279731917,36.66998688661835,16.73456453253074,50.76689696948402
27113,15.463915718017823,51.736162694975974,32.55257861571981,12.470613995036642,0.19917265544253318,7.1742947524693355,1.2173696161073204,27.611745950636664,29.212376980130305,20.087398854580517,51.64713980892751,28.12276620065607,2.8894954046566976,0.15018761062838165,7.710843288799369,1.4273025107847381,33.74693199135667,17.7858624072098,16.48831240726271,1.2646369423725472,57.71764287577105,5.006003897360814,0.24582645479886497,21.48968685990676,80.07213106044333
27115,12.007780641692772,43.23200861739849,44.76021074090873,21.245948719721497,0.2548850402900881,5.656179872715657,1.1728804067553869,46.18327555860865,46.603802053495635,16.292469543619106,51.48650761883378,32.22102283754712,13.270900405192421,0.18863400188637117,6.187256875567117,1.3308364998948763,28.296697662032297,28.58769554277295,20.850931340748623,2.848992724741022,8.012030703200038,27.939772480897457,9.984971958327314,17.608208178449512,0.32779817085856944
27117,28.371474866057362,13.780387542462723,57.84813759147991,4.036161344359478,0.20518093561258047,6.921353852542826,1.3388429951960061,7.005727902662416,23.486227437791825,27.68608645812588,20.07963522462995,52.23427831724416,1.5912542363124662,0.17382039192852436,7.4999116928376965,1.3937434889493412,11.826201365180044,19.31531257514092,18.301106390994878,2.799377805173003,16.828305269634537,6.942141568846393,42.78531249375955,28.822353767647414,99.8721921582297
27119,21.723793820267428,37.160482005818714,41.040013907498114,7.113279623009824,0.18700275697152824,7.448418118025933,1.2628112151083613,21.686066637646487,25.273498315750693,21.89562328960756,38.47716314349526,39.56906753719237,2.9669219082772744,0.15781950026055286,7.8087762037199,1.4034601145728056,25.421145113169853,18.749157721202202,16.65744772738455,1.8041267054016727,42.173691051091424,27.09892061532106,11.012673313075714,10.585822580768637,83.63711769723639
27121,22.400094784660734,41.0653835582617,36.53452165707757,7.783179742982497,0.18821188649021756,7.0894478227454965,1.320594090898272,17.50774169655353,26.365501728966112,20.3373615678748,48.52653413377499,31.136104298350205,4.308351211908955,0.1528867113581187,7.578477844362392,1.4185219950798713,49.70209363004849,20.63530509384627,16.348426389774836,4.034729744846956,14.502703860617888,1.5929809111248632,40.459841957442755,9.248105393440282,85.54696291712285
27123,10.079109254843905,58.29020370596753,31.630687039188565,8.520519715631398,0.17106581870043666,6.1405672842620165,1.3889706812087235,52.824050349981526,24.06736620292617,11.504263044834929,61.74183696518554,26.753899989979534,7.48973909344792,0.15140954903176307,6.139344620239178,1.461660413559322,56.78161976510401,21.333720626208518,15.642386423824826,6.047537280362359,5.763145575333104,5.8871298759099595,44.60526024879529,2.871633280239317,11.779392921032825
27125,16.76420482934988,54.711941630005434,28.400105469342833,7.080017880370325,0.17927764098938198,7.32810936237517,1.2786047128017288,29.48619505393959,20.488702788338934,20.102330309609226,54.15211433571523,25.673641399179406,1.7065424336485147,0.14156852567384792,7.737074913792696,1.441667128666121,38.14922801978105,15.82336306023958,15.288126026850817,1.5140180837558845,53.83439925905553,11.15650811039701,0.834161542275105,23.02763323248643,81.46964297175889
27127,28.794450787569218,32.54141829474377,38.66413091768701,5.276592260421275,0.19286021271924858,7.104929442132707,1.2355656785805353,6.439783803911262,23.812422787692885,26.581812319562385,36.3942718491384,37.02391583129922,2.1932066185379187,0.17713559560175876,7.484146443773707,1.4095533155234108,9.518087743647174,19.780068059677095,18.154156527726993,2.2415127145885636,41.95026221759003,2.3544797006615603,22.787148533389292,14.778994415015283,97.77164457687405
27129,29.917403499757494,27.63519361189817,42.44501269640984,6.008067913566978,0.19495124857138318,7.075761025512273,1.2187601613751702,5.989889150231666,26.33391645642074,27.88454864973369,31.551105356617423,40.56161636307529,2.634933015357635,0.18249420570379354,7.417374459243054,1.3911399326635874,7.8910042916072225,21.923358432816208,18.59429394198381,2.0676002825051505,37.723718755548965,12.398094634649308,12.328679363600195,15.670751573034469,96.51901389915207
27131,25.265778283269505,31.575982846458366,43.1462097480103,8.121004904392679,0.2065764059970905,6.496870800476283,1.2529854100314821,10.046011040060657,30.890131367314872,27.29937534687812,32.18077617854347,40.507813333043984,5.057641161580433,0.18191168520756712,6.469230059020141,1.3824317843609264,14.714895626470136,28.071910076063652,18.926655510664965,4.362176394263378,19.996769074055514,13.484395741227429,38.50153842932125,9.353823121097731,53.65569797224495
27133,29.838202683257194,11.370054515418202,58.7917428013246,4.267498904364222,0.20545900606621909,6.714081469146886,1.3241475848606106,6.4190013483994415,24.517299195760884,29.09391234999538,14.465614428151216,56.44047322185341,1.8448656982107532,0.18498502720136134,7.109154925910567,1.3539733691096236,8.87693032942831,21.222299666074488,18.96280680985804,2.64259890684614,21.038763953027757,8.779118847580571,45.53882910335192,22.012589851114363,99.00839247208415
27135,14.123738516047709,48.730173290899046,37.14603981940226,18.779779973482857,0.2213417609905398,7.154871962850914,1.1604267013341203,32.038809726958945,41.171521419004286,16.163102792413984,52.47509254905007,31.361750375874415,9.81802914009754,0.1645120853191233,7.525708570166776,1.4040378033658938,36.492558173075295,26.937772307898175,18.156098802054828,1.13518071083047,46.298470667355254,5.629307529929053,0.2652566526684696,15.241718090351416,50.73117521483079
27139,23.62149410555341,35.98698102895401,40.39152486549258,10.059420815222513,0.20973952276956273,6.680842118341745,1.2546160333838523,14.242405901535353,33.2962424316084,24.528399463457454,38.72971962218502,36.74188091435752,7.703140727704273,0.18468799721986437,6.80890383303803,1.371624346693806,15.943918146749855,30.659393249070277,19.15609540612526,4.635413058859124,14.016304576127748,5.316257518281525,44.57178067928497,10.042696617546206,42.701951083439646
27141,6.397424956472034,71.83704560358001,21.76552943994796,11.517474196533215,0.14892828788144155,6.06631795897545,1.3474983257909747,108.41125381841717,31.117982938634075,5.246360069889658,76.78563423252847,17.968005697581884,9.179736218602764,0.12393206314112404,6.191090860299226,1.419300543986062,125.09850787800507,25.879138383781175,13.143093056321925,2.8535805017316354,5.47905182852763,6.624405603755926,7.097609985668576,4.429121602407529,39.543793702836716
27143,29.13110792943165,31.173130272333776,39.678589990530554,8.200046857404734,0.19757425421712174,6.8555479287854135,1.1703745283482998,5.970234401952504,29.004323929232616,28.31604289518556,33.76169320108599,37.87321559061953,3.9880622998205038,0.18279054941068687,7.168276877341286,1.3782871491597801,6.678904755527628,24.90312453975724,18.722566085261736,2.1125080683658526,39.350723602552335,18.259592323486945,7.168674190036609,10.923163150635368,90.8225396527925
27145,16.918252738563435,52.9589586239611,30.122788637475463,10.29013968265249,0.19032728905800478,6.671384181517125,1.3030914344272588,26.496343464523175,27.103430502796336,17.0746685407994,58.021765915799065,24.903565543401534,6.755403730179738,0.15744014835158385,7.061526028977796,1.41162222166499,47.317117952118515,21.37258040353277,16.730629056351013,3.335453556114201,19.310368954004048,4.091599749881595,29.563328835246732,13.81731595356174,58.90893796554707
27147,27.79897324748344,31.060012125662272,41.14101462685429,8.695029985934747,0.20167439091592917,6.606102275907283,1.190436545768289,7.418887762397083,30.290150587006305,27.065039343984452,35.420076604300476,37.51488405171507,4.531110389417191,0.18160526450464623,6.9024643469411915,1.3785002054806792,9.748072916391731,25.55133276336235,18.762600242803106,2.301188972263094,35.646920980200285,11.380317980444692,17.931544563278393,14.38600948834109,78.59612635764486
27149,30.214913288898988,26.74052690458102,43.04455980652,5.376684258250044,0.19085832910741435,7.329173344607848,1.3309457271478402,6.043807435851388,26.475583201303486,29.039886992010494,30.623485625765134,40.33662738222437,1.6825170237593061,0.1688859691522191,7.7845579618264695,1.4145463128655449,12.425542667185434,20.820784827181733,17.547767713877768,1.7932331809763347,18.52206633579544,8.79093174788672,18.01030348314344,42.92967563605131,89.94863796219416
27151,24.002264060193966,31.26379179628769,44.73394414351834,5.4841785464186685,0.1920572519482384,7.51324584014154,1.3489078382823885,12.403771557305795,21.723895542563334,21.77636848214712,37.150382621208415,41.073248896644465,2.1533335169217525,0.16015271124510852,7.717651179349372,1.430066994952605,22.111042289166537,15.651577617222289,16.972407345604747,1.9614901191254646,25.530622654017865,8.852732195047096,19.901427704415898,24.231053305329002,95.14264767365756
27153,10.456364195913679,63.45922011657557,26.084415687510734,14.953771402196471,0.19054036356421447,6.271533920368677,1.3140030511604988,35.680070420902986,27.74566704386876,12.140858819926915,67.00253240329413,20.856608776778955,10.976978061555453,0.16352450495643012,6.6544635984242815,1.4251782850327306,43.15582045001489,20.944119495098004,17.16292625387654,4.11483671005993,9.585338477977112,6.18557276318428,29.722575336288454,18.307691384998982,25.98579321066607
27155,29.893254560468772,25.89192490097764,44.21482053855358,4.955176872918602,0.18947274305557935,7.243130335221847,1.3121836265278797,6.8689354898423565,25.7360003622283,30.60661729591548,27.53081392033874,41.862568783745786,1.3252825854197312,0.16549571082445386,7.794361501777434,1.4096886423076749,7.645779720343066,21.7009187500972,17.26888204937915,1.187094848414104,30.285442783624084,41.49911991658548,4.21946562403083,20.368330141847128,92.14648202829275
27157,18.080417043066586,16.692371403094082,65.22721155383933,2.400297719210204,0.21287223515127987,6.387884254177269,1.3756118840138056,13.079712598061151,15.593937090855672,21.120641446624557,19.11293616041277,59.76642239296267,0.8005297708929816,0.18928471559450372,6.166841143029069,1.4530708635124192,15.740532757760574,16.892003097614495,18.99437845701638,13.179893342576335,2.9958461860336096,4.422275580428607,61.84777879931347,25.73888368677467,24.70486984028919
27159,7.2742542279488145,74.4829517896012,18.242793982449967,16.512940449621784,0.18072144230765325,6.244391371725583,1.2643182429089659,52.96806402463172,38.11984238164014,6.3501831756314395,84.68709797566527,8.9627188487033,10.17853611388234,0.13017618610392506,6.5500104239236485,1.4257726630821637,70.72331285889061,23.212712456661567,14.533976296504353,1.9626618536061093,14.615938117270598,8.150055626705205,4.003170051995433,21.962401099617498,18.92472604000005
27161,28.51585270311306,30.414634272298713,41.0659364970324,9.286513215156354,0.2035573027791813,6.627378198728178,1.1825043813257508,6.942486429734916,31.91352632028629,29.165528017456694,31.802480359715215,39.02830608174227,5.574800848142995,0.18446453819725622,6.874499437965758,1.3428498053875888,6.8109375544103905,28.784201978051968,19.01923675718337,2.393266715102878,35.43445437345794,21.38123600851199,12.555728073701719,11.99420240681254,81.14589503110858
27163,11.243162816171068,44.5958605308569,44.16097665297203,5.681433341530648,0.18512487352282264,6.034569157125333,1.4164757769333889,32.17882748155227,18.196237727475076,12.949102091676483,54.97654202131683,32.07435588700669,4.209992219487069,0.14888043389327515,5.8714063491529735,1.5095559557431888,40.962849028369256,16.89660195495671,15.644645656781583,5.9700615025090125,4.667424503179291,5.862411912827667,49.660363942682196,9.094328001304325,22.663393779098204
27165,27.123073247244857,33.421492249284,39.449653633042395,5.8696363126167785,0.18903324213582526,6.855790286638096,1.216935876472038,9.001491251248494,23.84982389692197,25.13717092438618,37.96624766199052,36.89003352886627,2.5870358730957093,0.17305676255571042,7.21408542903609,1.3923259497062737,11.494170929145163,20.371850159613302,17.784970642974486,1.865277011286035,44.22645409105721,14.368536475065202,12.002716692990429,14.026345254826426,96.51604638379627
27167,26.024278492117364,36.36072469897128,37.614996808911364,5.119980984403324,0.17977428107680377,7.30537134098886,1.3023230795394505,13.535241590816948,23.49099898407336,27.459420025538193,36.26760276519391,36.27297720926789,1.3991525239131386,0.15609193034438243,7.830354256699776,1.4135192791704854,17.358230476763175,19.980550270040037,16.319663556410884,1.1717426490847433,25.62032432341827,53.578624700248604,6.070387757047628,10.816373524028826,89.98657993737305
27169,20.165245169228143,18.04168149746705,61.79307333330482,2.396767848861446,0.2059252252591186,6.45240088904225,1.3783393711677785,11.823736798537958,16.533818285298022,24.92090992025031,19.662817351786263,55.41627272796343,0.953779799319754,0.16083546734798754,6.311126023790738,1.428294739745176,12.905279718517948,17.02751932555732,17.179653129665475,17.802735220406205,3.4223324285227132,1.1984760749323995,83.85236333285233,4.889326385472808,30.4727911383815
27171,22.187220090356643,41.800614076324756,35.999127601925586,9.268879506883831,0.19925874440568042,6.540954065969125,1.2682570125656945,16.45949053960612,30.525466821499,23.755574127392734,42.64719783199887,33.5841591023309,5.98934039858622,0.1725139567261945,6.6876989601191035,1.3957474047235814,24.649888970914365,27.476300666683255,18.05373930300403,4.073381544215035,17.308315571375182,9.813934837217,41.737223011068714,4.0815362198297205,51.85919761606528
27173,28.19978528615782,31.2870607443193,40.513153969522875,4.811532796161019,0.1953686534868717,7.204789788570707,1.270511669652399,6.69900992317162,23.133773766585847,26.608134536765466,33.789386318732085,39.60247914450245,1.9641591814201993,0.17741302726943137,7.550441373449116,1.408344881242539,9.544459200413488,19.32719968898661,18.242898927837004,2.7722951010713994,35.98778144111454,1.4380586898244747,35.14578090551357,15.153835074573937,97.45815270024801
27613,14.291199463337852,40.17947666773283,45.985378689864596,18.989972731830754,0.21338114988376136,5.489282741152363,1.205189324466403,47.495399671991855,28.20475158455436,17.524081885054553,41.06889512088702,42.02960580069579,17.22670444822301,0.18159545004303676,6.105302841797747,1.275094139390567,30.086473966592365,19.21294811473462,17.38498858490887,6.266641666287885,8.10382142204615,13.30571096759491,27.067044493626756,17.786156432766337,0.0025066765649159723
27615,9.121746581432639,40.44553516289485,50.67498503587703,22.54136113124822,0.2364545856170096,5.660132504093426,1.150053957794742,54.92392041360341,15.776449185951426,10.67289827877425,46.013255593837336,43.646361643470215,19.00331917492679,0.19437415478957776,5.9173072803337305,1.2548046529368784,53.454997963229225,13.012868844646217,20.634937559155322,4.274077667019582,13.584817630104581,16.132490099325995,14.56912949799462,16.665880651402727,0.0
27617,10.58578220815826,35.76158301769323,55.09006565390981,33.6868338617962,0.28434810592435394,5.325568467813212,0.9767367007707941,96.48244166989565,26.00745827619409,9.769845309055654,42.488040337006886,48.98290027742471,30.338999713277556,0.2360653230158752,5.721250814325431,1.0619650867687713,57.284278596920885,14.88140607083982,24.522380664721403,4.444304926205697,5.239618491919179,9.99730796446117,22.038700323661597,13.684674955768205,0.0005837254273042591
27619,8.049017882145808,33.24661394465888,58.86759038566207,43.38393352360189,0.3417272536058717,5.6459272134136915,0.8263649343651576,128.10740251727125,19.298665246810355,12.285361072562669,36.868523174399705,51.229338786206526,35.7438532841836,0.28655540394179696,6.030863897051136,0.9799391614632174,67.08468594744343,17.115913224180506,30.310695884101936,1.886302816407375,15.632062093990907,11.549348661354557,4.865492190571041,9.93312182870884,3.1244017693714956
27621,18.407920913244155,37.94030502436944,45.187626325190145,26.385666188207708,0.25569436787626004,5.414009978485653,1.0777890420354255,67.58086858862738,34.292818938704585,28.45046829943719,36.96439560045695,36.89942377043137,21.037971954444217,0.20131558701017732,6.049823629082387,1.198813254766385,42.39061203500733,23.95356137917328,21.570219153178893,3.4403104529256976,11.958872519549955,18.717333801726593,7.431531428428646,16.891537513622776,0.03495218880407351
27625,13.625488252440602,32.895279614616456,53.486789427572994,46.01722454664239,0.3423390673294463,6.079469857080908,0.7431326689207264,123.55955020016339,40.86073996830067,22.623167463477955,32.27558350203926,45.10680595117272,36.06120377363295,0.28855382361199,6.863973236934081,0.9022037628242834,65.84713155707135,24.955440700389698,30.281155250604492,1.2194453466393997,15.203068037481346,14.234807042047828,1.263216595724902,7.086529961359565,0.08234375639012308
27627,10.587175408289275,53.78139602169796,35.631428570012766,26.46263151224487,0.21548807585904037,5.1203030793553035,1.0121193545429419,64.43333337599947,71.7243116300716,16.429900701811853,41.168376461259065,42.401722836929075,22.027534613028738,0.22757471271396254,6.176615411508961,1.170032210352845,20.511397038079064,19.87772363484658,14.593150819519398,8.311417585804074,5.8250736384941195,5.784660259580171,46.05596525553095,12.490213784552758,0.0
