county,fips5,ag_district,baseline_yield,d_S1 Baseline,d_S2 +1C,d_S3 -10% precip,d_S4 +1C and -10% precip,d_S5 +2C,d_S6 +2C and -20% precip,pct_S4
ADAMS,18001,NORTHEAST,45.0178,0.0,0.3351,-0.0276,0.2434,0.4619,0.5943,0.5407
ALLEN,18003,NORTHEAST,44.737,0.0,0.5546,0.4376,0.704,0.7173,0.7039,1.5736
BARTHOLOMEW,18005,CENTRAL,45.8273,0.0,0.0815,0.1501,0.3164,-0.3757,-0.0484,0.6905
BENTON,18007,NORTHWEST,49.6674,0.0,0.0821,0.2853,0.261,0.1615,0.3878,0.5254
BLACKFORD,18009,EAST CENTRAL,44.8182,0.0,0.5093,0.5914,0.7641,0.5864,0.8206,1.7048
BOONE,18011,CENTRAL,49.2696,0.0,-0.0311,0.1223,0.2824,0.0653,0.4164,0.5733
CARROLL,18015,NORTH CENTRAL,51.1419,0.0,0.4667,0.5863,0.6741,0.4284,0.6317,1.3181
CASS,18017,NORTH CENTRAL,47.8837,0.0,0.5881,0.5655,0.7071,0.6815,0.7882,1.4767
CLARK,18019,SOUTHEAST,39.1478,0.0,-0.6586,0.4129,-0.2581,-1.1889,-0.5833,-0.6593
CLAY,18021,WEST CENTRAL,44.02,0.0,-0.2729,-0.104,-0.0828,-1.0628,-0.6579,-0.1882
CLINTON,18023,CENTRAL,51.4133,0.0,0.1994,0.4459,0.5425,0.3022,0.7581,1.0552
DAVIESS,18027,SOUTHWEST,45.2196,0.0,-0.8963,0.0259,-0.5788,-1.6553,-1.1112,-1.28
DE KALB,18033,NORTHEAST,39.7977,0.0,0.3314,0.1005,0.3478,0.3342,0.1823,0.874
DEARBORN,18029,SOUTHEAST,38.7867,0.0,0.4147,0.1997,0.4896,-0.0957,-0.0107,1.2623
DECATUR,18031,CENTRAL,50.3217,0.0,0.5943,0.5165,0.8991,0.1795,0.5379,1.7867
DELAWARE,18035,EAST CENTRAL,45.6933,0.0,0.2176,0.3557,0.4583,0.2312,0.5029,1.003
DUBOIS,18037,SOUTHWEST,44.0756,0.0,-0.9871,-0.1752,-0.7563,-1.758,-1.2847,-1.716
ELKHART,18039,NORTH CENTRAL,44.9205,0.0,0.7701,0.4141,0.8653,0.8752,0.814,1.9263
FAYETTE,18041,EAST CENTRAL,46.9783,0.0,-0.284,-0.0361,-0.0059,-0.2644,0.019,-0.0126
FRANKLIN,18047,SOUTHEAST,44.8435,0.0,-0.2006,0.1459,0.0324,-0.2805,-0.0272,0.0724
FULTON,18049,NORTH CENTRAL,43.5044,0.0,0.4741,0.4232,0.5702,0.6378,0.7213,1.3108
GIBSON,18051,SOUTHWEST,44.5578,0.0,-1.3267,-0.2264,-1.0588,-1.9128,-1.5641,-2.3762
GRANT,18053,CENTRAL,47.0182,0.0,0.2053,0.305,0.4721,0.2704,0.6185,1.0042
GREENE,18055,SOUTHWEST,42.4636,0.0,-0.3985,0.0092,-0.1175,-1.064,-0.6113,-0.2766
HAMILTON,18057,CENTRAL,49.1457,0.0,0.0672,0.2453,0.2241,0.1516,0.3961,0.456
HANCOCK,18059,CENTRAL,46.6696,0.0,0.0689,0.3513,0.3092,0.0409,0.304,0.6625
HARRISON,18061,SOUTH CENTRAL,38.4911,0.0,-0.4261,0.4735,-0.2196,-0.9695,-0.6254,-0.5704
HENDRICKS,18063,CENTRAL,47.3043,0.0,-0.3782,-0.2087,-0.2135,-0.3115,0.0284,-0.4514
HENRY,18065,EAST CENTRAL,46.575,0.0,0.1397,0.2943,0.4767,0.2837,0.696,1.0234
HOWARD,18067,CENTRAL,51.1804,0.0,0.4061,0.5016,0.6481,0.5401,0.881,1.2663
HUNTINGTON,18069,NORTHEAST,45.6304,0.0,0.4017,0.3422,0.4414,0.4425,0.4129,0.9674
JACKSON,18071,SOUTH CENTRAL,41.4905,0.0,0.1011,0.188,0.2485,-0.4563,-0.2545,0.599
JASPER,18073,NORTHWEST,45.1727,0.0,0.2945,0.4127,0.4596,0.45,0.6364,1.0174
JAY,18075,EAST CENTRAL,42.7667,0.0,0.3864,0.2145,0.5369,0.4042,0.5685,1.2555
JEFFERSON,18077,SOUTHEAST,37.669,0.0,0.0777,0.4291,0.4319,-0.5861,0.0241,1.1466
JENNINGS,18079,SOUTHEAST,42.7378,0.0,0.378,0.5712,0.6724,-0.2135,0.193,1.5733
JOHNSON,18081,CENTRAL,46.9721,0.0,0.1137,-0.045,0.313,-0.4653,-0.1755,0.6664
KNOX,18083,SOUTHWEST,43.4512,0.0,-0.5608,0.4288,-0.2798,-1.2886,-0.9164,-0.6439
KOSCIUSKO,18085,NORTH CENTRAL,44.8717,0.0,0.6069,0.411,0.7249,0.9582,0.8968,1.6154
LA PORTE,18091,NORTHWEST,44.1348,0.0,0.3323,0.1655,0.4925,0.2365,0.4258,1.1159
LAGRANGE,18087,NORTHEAST,43.7783,0.0,0.9838,0.458,0.9724,1.0775,0.8787,2.2213
LAKE,18089,NORTHWEST,42.6133,0.0,0.2117,0.157,0.4861,0.4386,0.622,1.1408
LAWRENCE,18093,SOUTH CENTRAL,38.614,0.0,-0.2751,-0.1894,-0.0263,-0.8997,-0.4861,-0.068
MADISON,18095,CENTRAL,49.8761,0.0,0.1663,0.364,0.3787,0.2027,0.4596,0.7593
MARSHALL,18099,NORTH CENTRAL,43.3093,0.0,0.5506,0.4469,0.7244,0.974,1.0713,1.6727
MIAMI,18103,NORTH CENTRAL,46.1556,0.0,0.2579,0.3105,0.4531,0.4142,0.6055,0.9817
MONROE,18105,SOUTH CENTRAL,39.1698,0.0,-0.2695,-0.1522,-0.0397,-0.793,-0.4413,-0.1013
MONTGOMERY,18107,WEST CENTRAL,50.1511,0.0,-0.2871,0.0225,0.0248,-0.2835,0.123,0.0494
MORGAN,18109,CENTRAL,45.7867,0.0,0.032,0.1521,0.3549,-0.5256,-0.1359,0.7751
NEWTON,18111,NORTHWEST,47.0467,0.0,0.1779,0.4135,0.346,0.3035,0.4388,0.7354
NOBLE,18113,NORTHEAST,43.1283,0.0,0.7686,0.428,0.8284,0.8392,0.7434,1.9208
ORANGE,18117,SOUTH CENTRAL,43.1651,0.0,-0.8378,-0.146,-0.4984,-1.6493,-1.1845,-1.1545
PIKE,18125,SOUTHWEST,41.2952,0.0,-1.1839,-0.265,-0.9667,-1.8105,-1.53,-2.341
PORTER,18127,NORTHWEST,44.2227,0.0,0.2321,0.1235,0.3981,0.6178,0.7902,0.9002
POSEY,18129,SOUTHWEST,43.3978,0.0,-1.1171,-0.1952,-0.9561,-1.6301,-1.3939,-2.2031
PULASKI,18131,NORTHWEST,41.6837,0.0,0.1924,0.1833,0.305,0.3192,0.4566,0.7316
PUTNAM,18133,WEST CENTRAL,47.0311,0.0,0.2955,0.0883,0.5463,-0.2851,0.0575,1.1615
RANDOLPH,18135,EAST CENTRAL,45.0067,0.0,0.1984,0.2562,0.498,0.5439,0.7966,1.1065
RIPLEY,18137,SOUTHEAST,41.5911,0.0,0.7657,0.484,0.9696,0.3506,0.5041,2.3314
RUSH,18139,CENTRAL,49.4733,0.0,-0.1266,0.1905,0.1699,-0.1301,0.1999,0.3433
SHELBY,18145,CENTRAL,47.6739,0.0,0.2247,0.2004,0.4293,-0.3003,-0.0481,0.9005
SPENCER,18147,SOUTHWEST,40.3364,0.0,-0.773,0.1309,-0.5798,-1.4404,-1.2133,-1.4375
ST. JOSEPH,18141,NORTH CENTRAL,42.9222,0.0,0.3827,0.0644,0.4366,0.3698,0.3226,1.0172
STEUBEN,18151,NORTHEAST,40.4333,0.0,0.5996,0.4512,0.6831,0.8319,0.7566,1.6894
SULLIVAN,18153,SOUTHWEST,43.7977,0.0,0.1254,0.6608,0.4412,-0.5816,-0.187,1.0074
TIPPECANOE,18157,WEST CENTRAL,48.5889,0.0,0.5414,0.2938,0.7668,0.0399,0.44,1.5781
TIPTON,18159,CENTRAL,52.7489,0.0,0.1547,0.2063,0.3755,0.3228,0.6124,0.7119
UNION,18161,EAST CENTRAL,49.1711,0.0,-0.6935,-0.4042,-0.3813,-0.7877,-0.404,-0.7755
VANDERBURGH,18163,SOUTHWEST,44.14,0.0,-1.0545,-0.0798,-0.9593,-1.593,-1.2976,-2.1734
VERMILLION,18165,WEST CENTRAL,46.2071,0.0,0.2437,0.283,0.4899,-0.2897,0.043,1.0603
VIGO,18167,WEST CENTRAL,41.8886,0.0,-0.2498,0.0681,-0.0616,-1.0294,-0.676,-0.1471
WABASH,18169,NORTH CENTRAL,45.1578,0.0,0.36,0.4001,0.4644,0.311,0.3946,1.0284
WARREN,18171,WEST CENTRAL,48.9818,0.0,0.2113,0.061,0.3523,-0.3165,-0.1049,0.7193
WARRICK,18173,SOUTHWEST,40.6857,0.0,-0.9594,0.0766,-0.7381,-1.5644,-1.3,-1.8141
WASHINGTON,18175,SOUTH CENTRAL,39.8733,0.0,-0.1633,0.025,0.0788,-0.9481,-0.6979,0.1976
WAYNE,18177,EAST CENTRAL,45.4911,0.0,-0.2933,-0.1557,-0.0514,-0.0632,0.3299,-0.113
WELLS,18179,NORTHEAST,46.3489,0.0,0.4642,0.3418,0.4918,0.5913,0.8369,1.0612
WHITE,18181,NORTHWEST,47.3767,0.0,0.1462,0.2253,0.3505,0.1809,0.4117,0.7398
WHITLEY,18183,NORTHEAST,43.8348,0.0,0.3927,0.3288,0.6175,0.7257,0.7664,1.4087
