county,fips5,ag_district,baseline_yield,delta_bu,delta_bu_parametric,pct,pct_parametric,scenario,horizon
ADAMS,17001,WEST,42.7372,-0.4481,-3.4349,-1.0485,-8.0373,ssp245,late_century
BOND,17005,WEST SOUTHWEST,38.5907,-0.241,-3.268,-0.6245,-8.4683,ssp245,late_century
BOONE,17007,NORTHEAST,46.5783,0.3145,-1.232,0.6751,-2.645,ssp245,late_century
BROWN,17009,WEST,43.6044,-0.6913,-3.2974,-1.5854,-7.562,ssp245,late_century
BUREAU,17011,NORTHWEST,51.3043,0.0286,-1.706,0.0558,-3.3253,ssp245,late_century
CALHOUN,17013,WEST SOUTHWEST,42.2833,-0.213,-3.7509,-0.5038,-8.8709,ssp245,late_century
CARROLL,17015,NORTHWEST,53.6891,-0.1973,-1.3422,-0.3674,-2.5,ssp245,late_century
CASS,17017,WEST SOUTHWEST,47.2023,-0.5138,-3.3844,-1.0886,-7.1701,ssp245,late_century
CHAMPAIGN,17019,EAST,50.9205,-0.0198,-2.3414,-0.0389,-4.5982,ssp245,late_century
CHRISTIAN,17021,WEST SOUTHWEST,50.5791,-0.6407,-3.2156,-1.2668,-6.3575,ssp245,late_century
CLARK,17023,EAST SOUTHEAST,44.8977,-0.4616,-2.4433,-1.0281,-5.442,ssp245,late_century
CLAY,17025,EAST SOUTHEAST,36.8326,-0.2865,-2.7209,-0.7777,-7.3871,ssp245,late_century
CLINTON,17027,SOUTHWEST,39.0711,0.0674,-3.3645,0.1725,-8.6112,ssp245,late_century
COLES,17029,EAST SOUTHEAST,49.1884,-0.4683,-2.5987,-0.9521,-5.2831,ssp245,late_century
CRAWFORD,17033,EAST SOUTHEAST,42.3043,-0.1158,-2.3985,-0.2737,-5.6695,ssp245,late_century
CUMBERLAND,17035,EAST SOUTHEAST,43.7279,-0.3161,-2.5996,-0.7229,-5.945,ssp245,late_century
DE KALB,17037,NORTHEAST,50.4911,-0.0473,-1.1652,-0.0937,-2.3076,ssp245,late_century
DOUGLAS,17041,EAST SOUTHEAST,51.5889,-0.4728,-2.6757,-0.9166,-5.1866,ssp245,late_century
EDGAR,17045,EAST SOUTHEAST,49.7733,-0.2179,-2.391,-0.4377,-4.8039,ssp245,late_century
EDWARDS,17047,SOUTHEAST,39.6643,-0.2234,-2.7781,-0.5631,-7.0041,ssp245,late_century
EFFINGHAM,17049,EAST SOUTHEAST,42.5804,-0.3742,-2.5986,-0.8787,-6.1029,ssp245,late_century
FAYETTE,17051,EAST SOUTHEAST,38.8045,-0.4018,-2.9626,-1.0354,-7.6348,ssp245,late_century
FORD,17053,EAST,46.9795,0.1148,-1.8688,0.2443,-3.9778,ssp245,late_century
FRANKLIN,17055,SOUTHEAST,35.1152,-0.2401,-3.0928,-0.6836,-8.8075,ssp245,late_century
FULTON,17057,WEST,46.8717,-0.4732,-2.902,-1.0095,-6.1913,ssp245,late_century
GALLATIN,17059,SOUTHEAST,39.9767,-0.0043,-2.9135,-0.0107,-7.288,ssp245,late_century
GREENE,17061,WEST SOUTHWEST,47.6267,-0.6957,-3.6215,-1.4607,-7.604,ssp245,late_century
GRUNDY,17063,NORTHEAST,45.8136,0.2197,-1.7626,0.4797,-3.8473,ssp245,late_century
HANCOCK,17067,WEST,47.0477,-0.6835,-3.0943,-1.4528,-6.5769,ssp245,late_century
HENDERSON,17071,WEST,49.2386,-0.5886,-2.7537,-1.1954,-5.5926,ssp245,late_century
HENRY,17073,NORTHWEST,49.9068,-0.3478,-1.8527,-0.697,-3.7122,ssp245,late_century
IROQUOIS,17075,EAST,47.1674,0.0167,-1.8144,0.0355,-3.8468,ssp245,late_century
JACKSON,17077,SOUTHWEST,36.5047,-0.0447,-3.584,-0.1224,-9.8179,ssp245,late_century
JASPER,17079,EAST SOUTHEAST,41.8705,-0.1678,-2.4512,-0.4006,-5.8542,ssp245,late_century
JEFFERSON,17081,SOUTHEAST,34.1848,-0.0457,-2.9957,-0.1337,-8.7633,ssp245,late_century
JERSEY,17083,WEST SOUTHWEST,44.4186,-0.5368,-3.5543,-1.2084,-8.0018,ssp245,late_century
JO DAVIESS,17085,NORTHWEST,48.1356,0.2233,-1.1843,0.4639,-2.4604,ssp245,late_century
KANE,17089,NORTHEAST,48.1913,0.1349,-1.152,0.2799,-2.3905,ssp245,late_century
KANKAKEE,17091,EAST,44.2295,0.3163,-1.5898,0.7151,-3.5945,ssp245,late_century
KNOX,17095,WEST,51.9826,-0.3732,-2.1521,-0.718,-4.1401,ssp245,late_century
LA SALLE,17099,NORTHEAST,49.1956,0.229,-1.7138,0.4654,-3.4837,ssp245,late_century
LAKE,17097,NORTHEAST,37.1233,0.5945,-0.957,1.6014,-2.578,ssp245,late_century
LAWRENCE,17101,EAST SOUTHEAST,40.6044,-0.0645,-2.5151,-0.1587,-6.1943,ssp245,late_century
LEE,17103,NORTHWEST,49.3432,0.1237,-1.3542,0.2506,-2.7445,ssp245,late_century
LIVINGSTON,17105,EAST,48.2065,-0.0148,-1.8584,-0.0307,-3.855,ssp245,late_century
LOGAN,17107,CENTRAL,51.1372,-0.4659,-2.882,-0.9111,-5.6358,ssp245,late_century
MACON,17115,CENTRAL,52.3933,-0.605,-2.8858,-1.1548,-5.508,ssp245,late_century
MACOUPIN,17117,WEST SOUTHWEST,46.8065,-0.3368,-3.1925,-0.7195,-6.8206,ssp245,late_century
MADISON,17119,WEST SOUTHWEST,42.0,-0.0578,-3.4523,-0.1376,-8.2197,ssp245,late_century
MARION,17121,EAST SOUTHEAST,37.8565,-0.2789,-2.8789,-0.7367,-7.6049,ssp245,late_century
MARSHALL,17123,CENTRAL,49.2932,-0.2868,-2.107,-0.5818,-4.2744,ssp245,late_century
MASON,17125,CENTRAL,45.5244,-0.5566,-3.2423,-1.2227,-7.1221,ssp245,late_century
MASSAC,17127,SOUTHEAST,35.7068,0.2699,-3.281,0.7559,-9.1886,ssp245,late_century
MCDONOUGH,17109,WEST,49.4558,-0.2497,-2.8417,-0.505,-5.7459,ssp245,late_century
MCLEAN,17113,CENTRAL,52.4457,-0.0206,-2.2315,-0.0392,-4.2549,ssp245,late_century
MENARD,17129,CENTRAL,49.0953,-0.4318,-3.219,-0.8796,-6.5566,ssp245,late_century
MERCER,17131,NORTHWEST,49.0698,-0.5781,-2.312,-1.1781,-4.7116,ssp245,late_century
MONROE,17133,SOUTHWEST,39.0783,0.058,-3.8827,0.1485,-9.9358,ssp245,late_century
MONTGOMERY,17135,WEST SOUTHWEST,45.4068,-0.476,-3.0499,-1.0483,-6.7168,ssp245,late_century
MORGAN,17137,WEST SOUTHWEST,50.6523,-0.7382,-3.376,-1.4574,-6.665,ssp245,late_century
MOULTRIE,17139,EAST SOUTHEAST,51.3067,-0.6988,-2.7672,-1.362,-5.3935,ssp245,late_century
OGLE,17141,NORTHWEST,49.2341,-0.0315,-1.3398,-0.0639,-2.7213,ssp245,late_century
PEORIA,17143,CENTRAL,50.5261,-0.2733,-2.5372,-0.5409,-5.0216,ssp245,late_century
PERRY,17145,SOUTHWEST,34.3935,-0.1863,-3.2967,-0.5416,-9.5851,ssp245,late_century
PIATT,17147,EAST,54.4289,-0.2401,-2.5417,-0.4411,-4.6697,ssp245,late_century
PIKE,17149,WEST SOUTHWEST,43.619,-0.7079,-3.5862,-1.623,-8.2216,ssp245,late_century
PULASKI,17153,SOUTHWEST,37.5578,0.1997,-3.6576,0.5317,-9.7386,ssp245,late_century
PUTNAM,17155,NORTHWEST,49.6419,-0.1711,-2.0496,-0.3446,-4.1288,ssp245,late_century
RANDOLPH,17157,SOUTHWEST,37.0043,0.169,-3.7019,0.4568,-10.004,ssp245,late_century
RICHLAND,17159,EAST SOUTHEAST,37.9318,-0.2028,-2.5482,-0.5346,-6.7179,ssp245,late_century
ROCK ISLAND,17161,NORTHWEST,49.0,-0.623,-1.9928,-1.2713,-4.0669,ssp245,late_century
SALINE,17165,SOUTHEAST,37.6048,-0.0332,-3.0174,-0.0883,-8.024,ssp245,late_century
SANGAMON,17167,WEST SOUTHWEST,53.4217,-0.5652,-3.2105,-1.0579,-6.0098,ssp245,late_century
SCHUYLER,17169,WEST,43.9488,-0.55,-3.1256,-1.2515,-7.1119,ssp245,late_century
SCOTT,17171,WEST SOUTHWEST,45.631,-0.9421,-3.6074,-2.0645,-7.9057,ssp245,late_century
SHELBY,17173,EAST SOUTHEAST,45.9178,-0.4552,-2.7601,-0.9914,-6.0109,ssp245,late_century
ST CLAIR,17163,SOUTHWEST,40.4348,0.0418,-3.8066,0.1035,-9.4143,ssp245,late_century
STARK,17175,CENTRAL,52.2341,-0.3436,-1.9941,-0.6578,-3.8176,ssp245,late_century
STEPHENSON,17177,NORTHWEST,49.8283,0.1114,-1.202,0.2236,-2.4123,ssp245,late_century
TAZEWELL,17179,CENTRAL,53.0022,-0.4015,-2.7057,-0.7575,-5.1049,ssp245,late_century
VERMILION,17183,EAST,49.5467,0.1363,-2.0838,0.2752,-4.2058,ssp245,late_century
WABASH,17185,SOUTHEAST,41.75,-0.371,-2.7038,-0.8887,-6.4762,ssp245,late_century
WARREN,17187,WEST,51.2,-0.2588,-2.4274,-0.5055,-4.7409,ssp245,late_century
WASHINGTON,17189,SOUTHWEST,36.5761,-0.0048,-3.2984,-0.0131,-9.018,ssp245,late_century
WAYNE,17191,SOUTHEAST,36.7467,-0.032,-2.9774,-0.087,-8.1024,ssp245,late_century
WHITE,17193,SOUTHEAST,39.62,-0.0974,-2.8476,-0.2459,-7.1874,ssp245,late_century
WHITESIDE,17195,NORTHWEST,49.6705,-0.2475,-1.6428,-0.4983,-3.3074,ssp245,late_century
WILL,17197,NORTHEAST,43.6822,0.321,-1.4168,0.7348,-3.2434,ssp245,late_century
WILLIAMSON,17199,SOUTHWEST,33.8977,-0.0093,-3.0607,-0.0274,-9.0292,ssp245,late_century
WINNEBAGO,17201,NORTHWEST,45.2391,0.1668,-1.4712,0.3686,-3.2521,ssp245,late_century
WOODFORD,17203,CENTRAL,52.3152,-0.0973,-2.231,-0.1861,-4.2646,ssp245,late_century
ADAMS,17001,WEST,42.7372,-0.4749,-2.6548,-1.1112,-6.2118,ssp245,mid_century
BOND,17005,WEST SOUTHWEST,38.5907,-0.4153,-2.5782,-1.0762,-6.6809,ssp245,mid_century
BOONE,17007,NORTHEAST,46.5783,-0.0837,-1.1963,-0.1798,-2.5683,ssp245,mid_century
BROWN,17009,WEST,43.6044,-0.682,-2.6237,-1.5641,-6.017,ssp245,mid_century
BUREAU,17011,NORTHWEST,51.3043,-0.2998,-1.6933,-0.5844,-3.3004,ssp245,mid_century
CALHOUN,17013,WEST SOUTHWEST,42.2833,-0.2566,-2.7551,-0.607,-6.5159,ssp245,mid_century
CARROLL,17015,NORTHWEST,53.6891,-0.4874,-1.2568,-0.9078,-2.3408,ssp245,mid_century
CASS,17017,WEST SOUTHWEST,47.2023,-0.4601,-2.7343,-0.9747,-5.7928,ssp245,mid_century
CHAMPAIGN,17019,EAST,50.9205,-0.1253,-2.0359,-0.2461,-3.9982,ssp245,mid_century
CHRISTIAN,17021,WEST SOUTHWEST,50.5791,-0.6686,-2.5911,-1.3219,-5.123,ssp245,mid_century
CLARK,17023,EAST SOUTHEAST,44.8977,-0.6084,-2.1877,-1.3551,-4.8725,ssp245,mid_century
CLAY,17025,EAST SOUTHEAST,36.8326,-0.5909,-2.3786,-1.6043,-6.4579,ssp245,mid_century
CLINTON,17027,SOUTHWEST,39.0711,-0.2816,-2.7494,-0.7208,-7.037,ssp245,mid_century
COLES,17029,EAST SOUTHEAST,49.1884,-0.5864,-2.2674,-1.1922,-4.6096,ssp245,mid_century
CRAWFORD,17033,EAST SOUTHEAST,42.3043,-0.3077,-2.1484,-0.7274,-5.0783,ssp245,mid_century
CUMBERLAND,17035,EAST SOUTHEAST,43.7279,-0.5529,-2.2683,-1.2644,-5.1873,ssp245,mid_century
DE KALB,17037,NORTHEAST,50.4911,-0.4003,-1.0565,-0.7928,-2.0925,ssp245,mid_century
DOUGLAS,17041,EAST SOUTHEAST,51.5889,-0.5885,-2.2802,-1.1408,-4.4199,ssp245,mid_century
EDGAR,17045,EAST SOUTHEAST,49.7733,-0.3556,-2.1741,-0.7145,-4.3681,ssp245,mid_century
EDWARDS,17047,SOUTHEAST,39.6643,-0.5299,-2.488,-1.336,-6.2726,ssp245,mid_century
EFFINGHAM,17049,EAST SOUTHEAST,42.5804,-0.5019,-2.2418,-1.1787,-5.2647,ssp245,mid_century
FAYETTE,17051,EAST SOUTHEAST,38.8045,-0.5158,-2.5047,-1.3292,-6.4548,ssp245,mid_century
FORD,17053,EAST,46.9795,-0.0871,-1.7151,-0.1854,-3.6508,ssp245,mid_century
FRANKLIN,17055,SOUTHEAST,35.1152,-0.5202,-2.6232,-1.4815,-7.4702,ssp245,mid_century
FULTON,17057,WEST,46.8717,-0.4707,-2.527,-1.0042,-5.3913,ssp245,mid_century
GALLATIN,17059,SOUTHEAST,39.9767,-0.4854,-2.6751,-1.2141,-6.6916,ssp245,mid_century
GREENE,17061,WEST SOUTHWEST,47.6267,-0.7372,-2.698,-1.5479,-5.6649,ssp245,mid_century
GRUNDY,17063,NORTHEAST,45.8136,0.0532,-1.6681,0.1161,-3.6412,ssp245,mid_century
HANCOCK,17067,WEST,47.0477,-0.6335,-2.5193,-1.3466,-5.3547,ssp245,mid_century
HENDERSON,17071,WEST,49.2386,-0.5933,-2.3496,-1.2049,-4.7718,ssp245,mid_century
HENRY,17073,NORTHWEST,49.9068,-0.6066,-1.8152,-1.2154,-3.6372,ssp245,mid_century
IROQUOIS,17075,EAST,47.1674,-0.2514,-1.6505,-0.5331,-3.4993,ssp245,mid_century
JACKSON,17077,SOUTHWEST,36.5047,-0.4221,-2.7467,-1.1564,-7.5243,ssp245,mid_century
JASPER,17079,EAST SOUTHEAST,41.8705,-0.3724,-2.1612,-0.8895,-5.1616,ssp245,mid_century
JEFFERSON,17081,SOUTHEAST,34.1848,-0.4301,-2.5701,-1.2581,-7.5184,ssp245,mid_century
JERSEY,17083,WEST SOUTHWEST,44.4186,-0.4969,-2.6104,-1.1187,-5.8768,ssp245,mid_century
JO DAVIESS,17085,NORTHWEST,48.1356,-0.2101,-1.0959,-0.4366,-2.2767,ssp245,mid_century
KANE,17089,NORTHEAST,48.1913,-0.1664,-1.0935,-0.3452,-2.269,ssp245,mid_century
KANKAKEE,17091,EAST,44.2295,0.0612,-1.4598,0.1383,-3.3005,ssp245,mid_century
KNOX,17095,WEST,51.9826,-0.5561,-2.0129,-1.0697,-3.8723,ssp245,mid_century
LA SALLE,17099,NORTHEAST,49.1956,-0.1337,-1.6796,-0.2718,-3.4141,ssp245,mid_century
LAKE,17097,NORTHEAST,37.1233,-0.0016,-1.026,-0.0043,-2.7637,ssp245,mid_century
LAWRENCE,17101,EAST SOUTHEAST,40.6044,-0.4973,-2.2844,-1.2247,-5.626,ssp245,mid_century
LEE,17103,NORTHWEST,49.3432,-0.239,-1.2734,-0.4843,-2.5807,ssp245,mid_century
LIVINGSTON,17105,EAST,48.2065,-0.2526,-1.7551,-0.5241,-3.6409,ssp245,mid_century
LOGAN,17107,CENTRAL,51.1372,-0.4386,-2.3798,-0.8577,-4.6537,ssp245,mid_century
MACON,17115,CENTRAL,52.3933,-0.5426,-2.3531,-1.0355,-4.4912,ssp245,mid_century
MACOUPIN,17117,WEST SOUTHWEST,46.8065,-0.3979,-2.3868,-0.85,-5.0993,ssp245,mid_century
MADISON,17119,WEST SOUTHWEST,42.0,-0.1942,-2.5256,-0.4623,-6.0133,ssp245,mid_century
MARION,17121,EAST SOUTHEAST,37.8565,-0.5747,-2.4802,-1.518,-6.5517,ssp245,mid_century
MARSHALL,17123,CENTRAL,49.2932,-0.4527,-2.0559,-0.9185,-4.1707,ssp245,mid_century
MASON,17125,CENTRAL,45.5244,-0.4843,-2.7097,-1.0639,-5.9522,ssp245,mid_century
MASSAC,17127,SOUTHEAST,35.7068,-0.037,-2.6923,-0.1036,-7.5402,ssp245,mid_century
MCDONOUGH,17109,WEST,49.4558,-0.3465,-2.4224,-0.7007,-4.898,ssp245,mid_century
MCLEAN,17113,CENTRAL,52.4457,-0.2198,-2.0048,-0.4191,-3.8226,ssp245,mid_century
MENARD,17129,CENTRAL,49.0953,-0.3903,-2.607,-0.795,-5.31,ssp245,mid_century
MERCER,17131,NORTHWEST,49.0698,-0.6699,-2.1229,-1.3652,-4.3262,ssp245,mid_century
MONROE,17133,SOUTHWEST,39.0783,-0.2018,-2.9047,-0.5164,-7.4331,ssp245,mid_century
MONTGOMERY,17135,WEST SOUTHWEST,45.4068,-0.5111,-2.3789,-1.1256,-5.2391,ssp245,mid_century
MORGAN,17137,WEST SOUTHWEST,50.6523,-0.6566,-2.6116,-1.2963,-5.156,ssp245,mid_century
MOULTRIE,17139,EAST SOUTHEAST,51.3067,-0.6664,-2.3365,-1.2989,-4.5539,ssp245,mid_century
OGLE,17141,NORTHWEST,49.2341,-0.263,-1.2179,-0.5342,-2.4737,ssp245,mid_century
PEORIA,17143,CENTRAL,50.5261,-0.4285,-2.3562,-0.8481,-4.6634,ssp245,mid_century
PERRY,17145,SOUTHWEST,34.3935,-0.504,-2.6981,-1.4655,-7.8449,ssp245,mid_century
PIATT,17147,EAST,54.4289,-0.2465,-2.1405,-0.4528,-3.9326,ssp245,mid_century
PIKE,17149,WEST SOUTHWEST,43.619,-0.6104,-2.7362,-1.3994,-6.2731,ssp245,mid_century
PULASKI,17153,SOUTHWEST,37.5578,-0.1612,-2.8093,-0.4292,-7.48,ssp245,mid_century
PUTNAM,17155,NORTHWEST,49.6419,-0.3951,-2.0216,-0.7958,-4.0725,ssp245,mid_century
RANDOLPH,17157,SOUTHWEST,37.0043,-0.2725,-2.7523,-0.7363,-7.4378,ssp245,mid_century
RICHLAND,17159,EAST SOUTHEAST,37.9318,-0.4767,-2.2547,-1.2568,-5.9441,ssp245,mid_century
ROCK ISLAND,17161,NORTHWEST,49.0,-0.7311,-1.8976,-1.4921,-3.8727,ssp245,mid_century
SALINE,17165,SOUTHEAST,37.6048,-0.532,-2.6653,-1.4148,-7.0877,ssp245,mid_century
SANGAMON,17167,WEST SOUTHWEST,53.4217,-0.5428,-2.5274,-1.016,-4.7311,ssp245,mid_century
SCHUYLER,17169,WEST,43.9488,-0.5456,-2.5624,-1.2415,-5.8305,ssp245,mid_century
SCOTT,17171,WEST SOUTHWEST,45.631,-0.8971,-2.7726,-1.9661,-6.0762,ssp245,mid_century
SHELBY,17173,EAST SOUTHEAST,45.9178,-0.566,-2.3407,-1.2326,-5.0977,ssp245,mid_century
ST CLAIR,17163,SOUTHWEST,40.4348,-0.2485,-2.8655,-0.6145,-7.0866,ssp245,mid_century
STARK,17175,CENTRAL,52.2341,-0.5532,-1.9572,-1.059,-3.747,ssp245,mid_century
STEPHENSON,17177,NORTHWEST,49.8283,-0.2375,-1.144,-0.4766,-2.2959,ssp245,mid_century
TAZEWELL,17179,CENTRAL,53.0022,-0.4223,-2.3781,-0.7967,-4.4868,ssp245,mid_century
VERMILION,17183,EAST,49.5467,0.0312,-1.9149,0.063,-3.8649,ssp245,mid_century
WABASH,17185,SOUTHEAST,41.75,-0.6228,-2.404,-1.4918,-5.758,ssp245,mid_century
WARREN,17187,WEST,51.2,-0.4556,-2.1544,-0.8898,-4.2077,ssp245,mid_century
WASHINGTON,17189,SOUTHWEST,36.5761,-0.328,-2.722,-0.8969,-7.4421,ssp245,mid_century
WAYNE,17191,SOUTHEAST,36.7467,-0.4402,-2.6052,-1.198,-7.0897,ssp245,mid_century
WHITE,17193,SOUTHEAST,39.62,-0.4766,-2.5915,-1.203,-6.5408,ssp245,mid_century
WHITESIDE,17195,NORTHWEST,49.6705,-0.4499,-1.5659,-0.9058,-3.1525,ssp245,mid_century
WILL,17197,NORTHEAST,43.6822,0.0575,-1.3316,0.1316,-3.0484,ssp245,mid_century
WILLIAMSON,17199,SOUTHWEST,33.8977,-0.5129,-2.5205,-1.5131,-7.4355,ssp245,mid_century
WINNEBAGO,17201,NORTHWEST,45.2391,-0.1719,-1.4393,-0.38,-3.1816,ssp245,mid_century
WOODFORD,17203,CENTRAL,52.3152,-0.2072,-2.0783,-0.3961,-3.9727,ssp245,mid_century
ADAMS,17001,WEST,42.7372,0.0309,-8.6807,0.0724,-20.3119,ssp585,late_century
BOND,17005,WEST SOUTHWEST,38.5907,0.3463,-9.626,0.8973,-24.9437,ssp585,late_century
BOONE,17007,NORTHEAST,46.5783,-0.1776,-5.5608,-0.3814,-11.9386,ssp585,late_century
BROWN,17009,WEST,43.6044,-0.4039,-8.4936,-0.9262,-19.4788,ssp585,late_century
BUREAU,17011,NORTHWEST,51.3043,-0.5143,-6.8971,-1.0024,-13.4435,ssp585,late_century
CALHOUN,17013,WEST SOUTHWEST,42.2833,0.2385,-10.4142,0.564,-24.6295,ssp585,late_century
CARROLL,17015,NORTHWEST,53.6891,-0.7583,-5.9268,-1.4124,-11.0391,ssp585,late_century
CASS,17017,WEST SOUTHWEST,47.2023,-0.4025,-8.7012,-0.8528,-18.4339,ssp585,late_century
CHAMPAIGN,17019,EAST,50.9205,-0.066,-7.7171,-0.1295,-15.1553,ssp585,late_century
CHRISTIAN,17021,WEST SOUTHWEST,50.5791,-0.4544,-9.0315,-0.8983,-17.8563,ssp585,late_century
CLARK,17023,EAST SOUTHEAST,44.8977,-0.3151,-8.0108,-0.7018,-17.8424,ssp585,late_century
CLAY,17025,EAST SOUTHEAST,36.8326,0.0296,-8.4897,0.0804,-23.0493,ssp585,late_century
CLINTON,17027,SOUTHWEST,39.0711,0.4032,-9.8395,1.032,-25.1835,ssp585,late_century
COLES,17029,EAST SOUTHEAST,49.1884,-0.3391,-8.0898,-0.6894,-16.4465,ssp585,late_century
CRAWFORD,17033,EAST SOUTHEAST,42.3043,0.1854,-8.1471,0.4383,-19.2583,ssp585,late_century
CUMBERLAND,17035,EAST SOUTHEAST,43.7279,-0.1098,-8.2083,-0.2511,-18.7712,ssp585,late_century
DE KALB,17037,NORTHEAST,50.4911,-0.5895,-5.8685,-1.1675,-11.6227,ssp585,late_century
DOUGLAS,17041,EAST SOUTHEAST,51.5889,-0.4318,-8.0493,-0.8371,-15.6028,ssp585,late_century
EDGAR,17045,EAST SOUTHEAST,49.7733,-0.1591,-7.6184,-0.3197,-15.3063,ssp585,late_century
EDWARDS,17047,SOUTHEAST,39.6643,0.045,-8.7767,0.1133,-22.1275,ssp585,late_century
EFFINGHAM,17049,EAST SOUTHEAST,42.5804,-0.0329,-8.1875,-0.0772,-19.2284,ssp585,late_century
FAYETTE,17051,EAST SOUTHEAST,38.8045,0.1471,-8.9683,0.3791,-23.1115,ssp585,late_century
FORD,17053,EAST,46.9795,-0.1023,-7.4034,-0.2178,-15.7589,ssp585,late_century
FRANKLIN,17055,SOUTHEAST,35.1152,0.2462,-8.9504,0.7012,-25.4887,ssp585,late_century
FULTON,17057,WEST,46.8717,-0.609,-8.3329,-1.2993,-17.778,ssp585,late_century
GALLATIN,17059,SOUTHEAST,39.9767,0.39,-8.7298,0.9756,-21.8372,ssp585,late_century
GREENE,17061,WEST SOUTHWEST,47.6267,-0.229,-9.7611,-0.4809,-20.495,ssp585,late_century
GRUNDY,17063,NORTHEAST,45.8136,-0.1346,-7.7626,-0.2937,-16.9439,ssp585,late_century
HANCOCK,17067,WEST,47.0477,-0.6133,-8.3234,-1.3036,-17.6914,ssp585,late_century
HENDERSON,17071,WEST,49.2386,-0.5621,-7.9548,-1.1415,-16.1557,ssp585,late_century
HENRY,17073,NORTHWEST,49.9068,-0.9363,-6.9363,-1.876,-13.8985,ssp585,late_century
IROQUOIS,17075,EAST,47.1674,-0.0888,-7.2049,-0.1882,-15.2752,ssp585,late_century
JACKSON,17077,SOUTHWEST,36.5047,0.3085,-9.6847,0.8452,-26.5299,ssp585,late_century
JASPER,17079,EAST SOUTHEAST,41.8705,0.0624,-7.986,0.1491,-19.0732,ssp585,late_century
JEFFERSON,17081,SOUTHEAST,34.1848,0.3478,-8.9379,1.0174,-26.1458,ssp585,late_century
JERSEY,17083,WEST SOUTHWEST,44.4186,-0.089,-10.1105,-0.2003,-22.7618,ssp585,late_century
JO DAVIESS,17085,NORTHWEST,48.1356,-0.3406,-5.4391,-0.7077,-11.2996,ssp585,late_century
KANE,17089,NORTHEAST,48.1913,-0.195,-6.1144,-0.4045,-12.6877,ssp585,late_century
KANKAKEE,17091,EAST,44.2295,-0.0152,-7.2105,-0.0344,-16.3024,ssp585,late_century
KNOX,17095,WEST,51.9826,-0.7257,-7.2661,-1.396,-13.978,ssp585,late_century
LA SALLE,17099,NORTHEAST,49.1956,-0.3176,-7.3419,-0.6455,-14.924,ssp585,late_century
LAKE,17097,NORTHEAST,37.1233,0.2201,-5.5408,0.5929,-14.9254,ssp585,late_century
LAWRENCE,17101,EAST SOUTHEAST,40.6044,0.0955,-8.4975,0.2352,-20.9276,ssp585,late_century
LEE,17103,NORTHWEST,49.3432,-0.4837,-6.1635,-0.9803,-12.491,ssp585,late_century
LIVINGSTON,17105,EAST,48.2065,-0.4128,-7.6278,-0.8563,-15.8232,ssp585,late_century
LOGAN,17107,CENTRAL,51.1372,-0.3271,-8.2079,-0.6397,-16.0508,ssp585,late_century
MACON,17115,CENTRAL,52.3933,-0.4637,-8.2184,-0.885,-15.6859,ssp585,late_century
MACOUPIN,17117,WEST SOUTHWEST,46.8065,-0.0575,-9.2673,-0.1229,-19.7992,ssp585,late_century
MADISON,17119,WEST SOUTHWEST,42.0,0.339,-10.1476,0.8071,-24.1609,ssp585,late_century
MARION,17121,EAST SOUTHEAST,37.8565,0.065,-8.7143,0.1717,-23.0192,ssp585,late_century
MARSHALL,17123,CENTRAL,49.2932,-0.8814,-7.7493,-1.7881,-15.7208,ssp585,late_century
MASON,17125,CENTRAL,45.5244,-0.4378,-8.6796,-0.9616,-19.0657,ssp585,late_century
MASSAC,17127,SOUTHEAST,35.7068,0.4572,-8.6387,1.2804,-24.1933,ssp585,late_century
MCDONOUGH,17109,WEST,49.4558,-0.2522,-8.0224,-0.5099,-16.2213,ssp585,late_century
MCLEAN,17113,CENTRAL,52.4457,-0.2418,-7.7387,-0.4611,-14.7557,ssp585,late_century
MENARD,17129,CENTRAL,49.0953,-0.3041,-8.4609,-0.6194,-17.2336,ssp585,late_century
MERCER,17131,NORTHWEST,49.0698,-1.047,-7.4635,-2.1337,-15.2099,ssp585,late_century
MONROE,17133,SOUTHWEST,39.0783,0.4546,-11.023,1.1632,-28.2075,ssp585,late_century
MONTGOMERY,17135,WEST SOUTHWEST,45.4068,0.0048,-9.0178,0.0105,-19.86,ssp585,late_century
MORGAN,17137,WEST SOUTHWEST,50.6523,-0.4985,-8.7649,-0.9842,-17.304,ssp585,late_century
MOULTRIE,17139,EAST SOUTHEAST,51.3067,-0.3413,-8.3162,-0.6652,-16.2087,ssp585,late_century
OGLE,17141,NORTHWEST,49.2341,-0.3949,-5.9476,-0.8021,-12.0803,ssp585,late_century
PEORIA,17143,CENTRAL,50.5261,-0.5825,-8.1021,-1.1528,-16.0356,ssp585,late_century
PERRY,17145,SOUTHWEST,34.3935,0.295,-9.4778,0.8579,-27.5569,ssp585,late_century
PIATT,17147,EAST,54.4289,-0.0798,-7.8904,-0.1466,-14.4966,ssp585,late_century
PIKE,17149,WEST SOUTHWEST,43.619,-0.4032,-9.1763,-0.9244,-21.0373,ssp585,late_century
PULASKI,17153,SOUTHWEST,37.5578,0.4563,-9.1986,1.2149,-24.4919,ssp585,late_century
PUTNAM,17155,NORTHWEST,49.6419,-0.8039,-7.7938,-1.6194,-15.7,ssp585,late_century
RANDOLPH,17157,SOUTHWEST,37.0043,0.5715,-10.1749,1.5443,-27.4965,ssp585,late_century
RICHLAND,17159,EAST SOUTHEAST,37.9318,0.0361,-8.2557,0.0952,-21.7646,ssp585,late_century
ROCK ISLAND,17161,NORTHWEST,49.0,-1.0331,-7.1463,-2.1084,-14.5844,ssp585,late_century
SALINE,17165,SOUTHEAST,37.6048,0.3376,-8.8837,0.8978,-23.6239,ssp585,late_century
SANGAMON,17167,WEST SOUTHWEST,53.4217,-0.3904,-8.6519,-0.7308,-16.1955,ssp585,late_century
SCHUYLER,17169,WEST,43.9488,-0.4078,-8.3131,-0.9278,-18.9155,ssp585,late_century
SCOTT,17171,WEST SOUTHWEST,45.631,-0.6586,-9.3141,-1.4433,-20.4119,ssp585,late_century
SHELBY,17173,EAST SOUTHEAST,45.9178,-0.0702,-8.4389,-0.1529,-18.3784,ssp585,late_century
ST CLAIR,17163,SOUTHWEST,40.4348,0.4268,-10.9052,1.0556,-26.9699,ssp585,late_century
STARK,17175,CENTRAL,52.2341,-0.8185,-7.2702,-1.567,-13.9184,ssp585,late_century
STEPHENSON,17177,NORTHWEST,49.8283,-0.3319,-5.4409,-0.6662,-10.9194,ssp585,late_century
TAZEWELL,17179,CENTRAL,53.0022,-0.537,-8.194,-1.0133,-15.4597,ssp585,late_century
VERMILION,17183,EAST,49.5467,-0.0095,-7.1507,-0.0191,-14.4322,ssp585,late_century
WABASH,17185,SOUTHEAST,41.75,0.0857,-8.6745,0.2054,-20.7773,ssp585,late_century
WARREN,17187,WEST,51.2,-0.7401,-7.4861,-1.4456,-14.6213,ssp585,late_century
WASHINGTON,17189,SOUTHWEST,36.5761,0.3602,-9.6303,0.9847,-26.3296,ssp585,late_century
WAYNE,17191,SOUTHEAST,36.7467,0.3654,-8.9771,0.9943,-24.4298,ssp585,late_century
WHITE,17193,SOUTHEAST,39.62,0.4448,-8.8865,1.1226,-22.4292,ssp585,late_century
WHITESIDE,17195,NORTHWEST,49.6705,-0.8239,-6.5886,-1.6587,-13.2645,ssp585,late_century
WILL,17197,NORTHEAST,43.6822,0.0053,-7.1262,0.0122,-16.3138,ssp585,late_century
WILLIAMSON,17199,SOUTHWEST,33.8977,0.3957,-8.6842,1.1674,-25.6189,ssp585,late_century
WINNEBAGO,17201,NORTHWEST,45.2391,-0.3465,-6.0433,-0.7659,-13.3586,ssp585,late_century
WOODFORD,17203,CENTRAL,52.3152,-0.5108,-7.7936,-0.9764,-14.8974,ssp585,late_century
ADAMS,17001,WEST,42.7372,-0.3552,-3.6145,-0.831,-8.4574,ssp585,mid_century
BOND,17005,WEST SOUTHWEST,38.5907,-0.1505,-3.3005,-0.39,-8.5527,ssp585,mid_century
BOONE,17007,NORTHEAST,46.5783,0.1505,-1.3705,0.3231,-2.9423,ssp585,mid_century
BROWN,17009,WEST,43.6044,-0.6103,-3.3959,-1.3996,-7.7879,ssp585,mid_century
BUREAU,17011,NORTHWEST,51.3043,-0.0499,-2.3659,-0.0973,-4.6114,ssp585,mid_century
CALHOUN,17013,WEST SOUTHWEST,42.2833,-0.081,-4.2173,-0.1915,-9.9738,ssp585,mid_century
CARROLL,17015,NORTHWEST,53.6891,-0.2952,-1.6635,-0.5498,-3.0984,ssp585,mid_century
CASS,17017,WEST SOUTHWEST,47.2023,-0.4545,-3.4308,-0.963,-7.2682,ssp585,mid_century
CHAMPAIGN,17019,EAST,50.9205,-0.0364,-2.4324,-0.0715,-4.7768,ssp585,mid_century
CHRISTIAN,17021,WEST SOUTHWEST,50.5791,-0.4726,-3.0725,-0.9344,-6.0745,ssp585,mid_century
CLARK,17023,EAST SOUTHEAST,44.8977,-0.3284,-2.4368,-0.7314,-5.4274,ssp585,mid_century
CLAY,17025,EAST SOUTHEAST,36.8326,-0.1722,-2.6952,-0.4674,-7.3175,ssp585,mid_century
CLINTON,17027,SOUTHWEST,39.0711,0.1205,-3.4672,0.3083,-8.874,ssp585,mid_century
COLES,17029,EAST SOUTHEAST,49.1884,-0.3345,-2.5372,-0.68,-5.1582,ssp585,mid_century
CRAWFORD,17033,EAST SOUTHEAST,42.3043,0.0072,-2.4608,0.0171,-5.8168,ssp585,mid_century
CUMBERLAND,17035,EAST SOUTHEAST,43.7279,-0.1359,-2.5507,-0.3107,-5.8332,ssp585,mid_century
DE KALB,17037,NORTHEAST,50.4911,-0.2315,-1.5501,-0.4585,-3.07,ssp585,mid_century
DOUGLAS,17041,EAST SOUTHEAST,51.5889,-0.3834,-2.6041,-0.7432,-5.0478,ssp585,mid_century
EDGAR,17045,EAST SOUTHEAST,49.7733,-0.087,-2.3513,-0.1747,-4.724,ssp585,mid_century
EDWARDS,17047,SOUTHEAST,39.6643,0.0067,-2.8908,0.0168,-7.2883,ssp585,mid_century
EFFINGHAM,17049,EAST SOUTHEAST,42.5804,-0.1679,-2.5527,-0.3944,-5.9949,ssp585,mid_century
FAYETTE,17051,EAST SOUTHEAST,38.8045,-0.2045,-2.932,-0.5269,-7.5557,ssp585,mid_century
FORD,17053,EAST,46.9795,-0.0285,-2.1885,-0.0606,-4.6585,ssp585,mid_century
FRANKLIN,17055,SOUTHEAST,35.1152,-0.0626,-3.5187,-0.1782,-10.0205,ssp585,mid_century
FULTON,17057,WEST,46.8717,-0.4241,-3.2355,-0.9047,-6.9028,ssp585,mid_century
GALLATIN,17059,SOUTHEAST,39.9767,0.0822,-3.3664,0.2057,-8.4209,ssp585,mid_century
GREENE,17061,WEST SOUTHWEST,47.6267,-0.5398,-3.7622,-1.1335,-7.8993,ssp585,mid_century
GRUNDY,17063,NORTHEAST,45.8136,0.0042,-2.4065,0.0092,-5.2529,ssp585,mid_century
HANCOCK,17067,WEST,47.0477,-0.6079,-3.2664,-1.2922,-6.9428,ssp585,mid_century
HENDERSON,17071,WEST,49.2386,-0.4912,-3.0588,-0.9976,-6.2121,ssp585,mid_century
HENRY,17073,NORTHWEST,49.9068,-0.357,-2.4669,-0.7153,-4.943,ssp585,mid_century
IROQUOIS,17075,EAST,47.1674,-0.1562,-2.0343,-0.3312,-4.313,ssp585,mid_century
JACKSON,17077,SOUTHWEST,36.5047,-0.0192,-4.1575,-0.0525,-11.3889,ssp585,mid_century
JASPER,17079,EAST SOUTHEAST,41.8705,0.02,-2.4308,0.0477,-5.8054,ssp585,mid_century
JEFFERSON,17081,SOUTHEAST,34.1848,0.0204,-3.2084,0.0597,-9.3854,ssp585,mid_century
JERSEY,17083,WEST SOUTHWEST,44.4186,-0.3865,-3.8795,-0.8701,-8.7338,ssp585,mid_century
JO DAVIESS,17085,NORTHWEST,48.1356,0.0121,-1.2981,0.0252,-2.6968,ssp585,mid_century
KANE,17089,NORTHEAST,48.1913,-0.0091,-1.5228,-0.019,-3.1599,ssp585,mid_century
KANKAKEE,17091,EAST,44.2295,0.0337,-2.0247,0.0762,-4.5777,ssp585,mid_century
KNOX,17095,WEST,51.9826,-0.4064,-2.6698,-0.7818,-5.136,ssp585,mid_century
LA SALLE,17099,NORTHEAST,49.1956,-0.03,-2.3915,-0.061,-4.8613,ssp585,mid_century
LAKE,17097,NORTHEAST,37.1233,0.4855,-1.1785,1.3079,-3.1745,ssp585,mid_century
LAWRENCE,17101,EAST SOUTHEAST,40.6044,-0.0047,-2.6064,-0.0115,-6.419,ssp585,mid_century
LEE,17103,NORTHWEST,49.3432,0.0197,-1.8652,0.04,-3.7801,ssp585,mid_century
LIVINGSTON,17105,EAST,48.2065,-0.1769,-2.3417,-0.3671,-4.8576,ssp585,mid_century
LOGAN,17107,CENTRAL,51.1372,-0.3784,-2.9482,-0.74,-5.7653,ssp585,mid_century
MACON,17115,CENTRAL,52.3933,-0.559,-2.7771,-1.0669,-5.3004,ssp585,mid_century
MACOUPIN,17117,WEST SOUTHWEST,46.8065,-0.3078,-3.2101,-0.6576,-6.8582,ssp585,mid_century
MADISON,17119,WEST SOUTHWEST,42.0,0.0318,-3.7169,0.0757,-8.8499,ssp585,mid_century
MARION,17121,EAST SOUTHEAST,37.8565,-0.2097,-2.8761,-0.554,-7.5975,ssp585,mid_century
MARSHALL,17123,CENTRAL,49.2932,-0.4338,-2.7741,-0.88,-5.6278,ssp585,mid_century
MASON,17125,CENTRAL,45.5244,-0.3908,-3.3725,-0.8584,-7.4082,ssp585,mid_century
MASSAC,17127,SOUTHEAST,35.7068,0.4291,-3.9784,1.2016,-11.1419,ssp585,mid_century
MCDONOUGH,17109,WEST,49.4558,-0.1959,-3.1319,-0.3961,-6.3327,ssp585,mid_century
MCLEAN,17113,CENTRAL,52.4457,-0.1664,-2.5256,-0.3173,-4.8157,ssp585,mid_century
MENARD,17129,CENTRAL,49.0953,-0.3025,-3.2648,-0.6162,-6.6499,ssp585,mid_century
MERCER,17131,NORTHWEST,49.0698,-0.762,-2.8732,-1.5528,-5.8554,ssp585,mid_century
MONROE,17133,SOUTHWEST,39.0783,0.098,-4.6548,0.2509,-11.9114,ssp585,mid_century
MONTGOMERY,17135,WEST SOUTHWEST,45.4068,-0.3922,-2.989,-0.8638,-6.5828,ssp585,mid_century
MORGAN,17137,WEST SOUTHWEST,50.6523,-0.6542,-3.3526,-1.2916,-6.6189,ssp585,mid_century
MOULTRIE,17139,EAST SOUTHEAST,51.3067,-0.4546,-2.6662,-0.8861,-5.1965,ssp585,mid_century
OGLE,17141,NORTHWEST,49.2341,-0.0637,-1.7095,-0.1294,-3.4722,ssp585,mid_century
PEORIA,17143,CENTRAL,50.5261,-0.3653,-3.0737,-0.7231,-6.0833,ssp585,mid_century
PERRY,17145,SOUTHWEST,34.3935,-0.0946,-3.6571,-0.275,-10.6332,ssp585,mid_century
PIATT,17147,EAST,54.4289,-0.1542,-2.5372,-0.2833,-4.6614,ssp585,mid_century
PIKE,17149,WEST SOUTHWEST,43.619,-0.5006,-3.8204,-1.1478,-8.7586,ssp585,mid_century
PULASKI,17153,SOUTHWEST,37.5578,0.2185,-4.3248,0.5819,-11.515,ssp585,mid_century
PUTNAM,17155,NORTHWEST,49.6419,-0.299,-2.7924,-0.6023,-5.6252,ssp585,mid_century
RANDOLPH,17157,SOUTHWEST,37.0043,0.0646,-4.366,0.1746,-11.7985,ssp585,mid_century
RICHLAND,17159,EAST SOUTHEAST,37.9318,0.0493,-2.535,0.1301,-6.6831,ssp585,mid_century
ROCK ISLAND,17161,NORTHWEST,49.0,-0.6851,-2.5213,-1.3982,-5.1455,ssp585,mid_century
SALINE,17165,SOUTHEAST,37.6048,0.0628,-3.4834,0.1669,-9.2632,ssp585,mid_century
SANGAMON,17167,WEST SOUTHWEST,53.4217,-0.3728,-3.0811,-0.6978,-5.7675,ssp585,mid_century
SCHUYLER,17169,WEST,43.9488,-0.4487,-3.2655,-1.021,-7.4301,ssp585,mid_century
SCOTT,17171,WEST SOUTHWEST,45.631,-0.8372,-3.6289,-1.8348,-7.9528,ssp585,mid_century
SHELBY,17173,EAST SOUTHEAST,45.9178,-0.3106,-2.6729,-0.6764,-5.8211,ssp585,mid_century
ST CLAIR,17163,SOUTHWEST,40.4348,0.0568,-4.3298,0.1404,-10.7082,ssp585,mid_century
STARK,17175,CENTRAL,52.2341,-0.4245,-2.6412,-0.8127,-5.0565,ssp585,mid_century
STEPHENSON,17177,NORTHWEST,49.8283,-0.02,-1.3321,-0.0402,-2.6734,ssp585,mid_century
TAZEWELL,17179,CENTRAL,53.0022,-0.4228,-3.0415,-0.7976,-5.7385,ssp585,mid_century
VERMILION,17183,EAST,49.5467,0.1706,-2.1098,0.3444,-4.2581,ssp585,mid_century
WABASH,17185,SOUTHEAST,41.75,-0.0284,-2.7631,-0.068,-6.6183,ssp585,mid_century
WARREN,17187,WEST,51.2,-0.3065,-2.8339,-0.5987,-5.5349,ssp585,mid_century
WASHINGTON,17189,SOUTHWEST,36.5761,0.0129,-3.4637,0.0352,-9.4699,ssp585,mid_century
WAYNE,17191,SOUTHEAST,36.7467,0.0928,-2.9261,0.2527,-7.9629,ssp585,mid_century
WHITE,17193,SOUTHEAST,39.62,0.0846,-3.1147,0.2136,-7.8615,ssp585,mid_century
WHITESIDE,17195,NORTHWEST,49.6705,-0.3832,-2.1159,-0.7715,-4.2598,ssp585,mid_century
WILL,17197,NORTHEAST,43.6822,-0.0452,-1.9041,-0.1036,-4.359,ssp585,mid_century
WILLIAMSON,17199,SOUTHWEST,33.8977,0.0394,-3.6129,0.1162,-10.6583,ssp585,mid_century
WINNEBAGO,17201,NORTHWEST,45.2391,0.0144,-1.6318,0.0319,-3.607,ssp585,mid_century
WOODFORD,17203,CENTRAL,52.3152,-0.1665,-2.7095,-0.3183,-5.1791,ssp585,mid_century
