county,fips5,ag_district,n,r_moisture,r_precip,r_heat,beta_moisture_bu_per_sd,beta_heat_bu_per_sd,yield_recent,trend,volatility,normal_pcp,normal_tmax,sensitivity_index
APPANOOSE,19007,SOUTH CENTRAL,43,0.5521,0.3467,-0.5157,2.7329,-2.3148,48.45,0.4828,6.7012,8.726,84.943,0.974
HARRISON,19085,WEST CENTRAL,42,0.4683,0.4688,-0.615,1.2396,-2.4448,53.7857,0.4793,4.8102,7.6645,84.431,0.974
DAVIS,19051,SOUTHEAST,46,0.5083,0.4567,-0.5676,2.3442,-2.9624,51.3727,0.5424,6.6955,8.5615,84.9815,0.9688
ADAIR,19001,SOUTHWEST,44,0.5189,0.47,-0.439,2.5013,-1.6399,54.0333,0.4752,6.171,8.6698,83.8273,0.9062
VAN BUREN,19177,SOUTHEAST,45,0.4521,0.37,-0.4984,1.9833,-2.353,50.89,0.5195,5.8091,8.2189,85.0,0.9062
POTTAWATTAMIE,19155,SOUTHWEST,43,0.4264,0.3976,-0.4992,1.7863,-2.4286,57.525,0.5343,6.0067,7.9447,84.5744,0.8802
CASS,19029,SOUTHWEST,45,0.4215,0.3945,-0.501,1.4271,-2.2292,57.02,0.5637,5.6919,8.546,84.0211,0.8802
MONONA,19133,WEST CENTRAL,46,0.4094,0.3865,-0.5752,1.0084,-2.3865,55.5636,0.5842,4.8744,7.3993,84.2576,0.8698
LEE,19111,SOUTHEAST,46,0.4289,0.4095,-0.4665,1.8106,-2.138,58.5273,0.614,5.8571,8.132,85.1533,0.8646
UNION,19175,SOUTH CENTRAL,45,0.4577,0.3024,-0.4067,2.4932,-1.8823,52.54,0.5589,7.1164,8.5744,84.2844,0.8542
DECATUR,19053,SOUTH CENTRAL,43,0.4502,0.2239,-0.4248,2.6065,-2.3151,50.2625,0.5194,7.549,8.9872,85.0767,0.8438
SAC,19161,WEST CENTRAL,45,0.5184,0.4915,-0.3614,2.5426,-1.297,59.86,0.5466,5.6314,7.9969,82.6733,0.8438
GUTHRIE,19077,WEST CENTRAL,42,0.4683,0.3679,-0.3599,2.2043,-1.0653,54.6143,0.4443,5.7403,8.455,83.7452,0.8229
MONROE,19135,SOUTH CENTRAL,46,0.4512,0.2942,-0.3942,2.3815,-1.7806,53.0909,0.5615,6.712,8.5337,84.6674,0.8177
JACKSON,19097,EAST CENTRAL,42,0.5691,0.4344,-0.3322,2.6788,-0.7862,60.3286,0.5776,5.1912,8.7019,82.531,0.8177
MILLS,19129,SOUTHWEST,42,0.3902,0.3032,-0.5142,1.4819,-2.4538,55.7857,0.5415,5.5963,8.0098,85.3286,0.8177
SHELBY,19165,WEST CENTRAL,44,0.4148,0.3576,-0.4354,1.3707,-1.5342,57.8111,0.5184,4.7749,8.2591,83.3932,0.7969
RINGGOLD,19159,SOUTH CENTRAL,42,0.4547,0.1423,-0.3426,2.539,-1.3363,48.1857,0.4726,6.6898,8.7848,84.7881,0.7969
WOODBURY,19193,WEST CENTRAL,45,0.4005,0.4092,-0.4839,1.1824,-1.8498,57.3,0.5975,4.8004,7.3093,83.8622,0.7969
MONTGOMERY,19137,SOUTHWEST,46,0.3679,0.336,-0.5014,1.3011,-2.3903,56.4545,0.6046,5.586,8.5646,84.7304,0.7656
AUDUBON,19009,WEST CENTRAL,46,0.4045,0.4134,-0.4045,1.6114,-1.6114,58.6818,0.5543,5.7995,8.5589,83.1239,0.7448
DALLAS,19049,CENTRAL,46,0.3949,0.334,-0.4159,1.6234,-1.8336,57.8,0.5048,5.9799,8.3663,84.2739,0.7448
JEFFERSON,19101,SOUTHEAST,46,0.3735,0.3136,-0.4506,1.4177,-2.0632,55.1182,0.5372,5.6156,8.2707,84.5739,0.7396
TAYLOR,19173,SOUTHWEST,44,0.3739,0.2958,-0.4426,1.6185,-2.2793,54.7111,0.6445,6.3815,8.6293,84.7455,0.7396
PAGE,19145,SOUTHWEST,45,0.3313,0.2951,-0.5273,1.1924,-2.8104,55.52,0.611,5.9581,8.6867,85.2589,0.7344
KEOKUK,19107,SOUTHEAST,45,0.3753,0.2747,-0.4382,1.276,-1.8633,56.82,0.4907,5.4611,8.2984,84.3133,0.7344
DELAWARE,19055,NORTHEAST,45,0.4293,0.2893,-0.3101,2.3044,-1.1476,62.17,0.5984,6.3042,8.8904,81.5811,0.724
BLACK HAWK,19013,NORTHEAST,46,0.4341,0.279,-0.306,2.2843,-0.983,57.8818,0.4727,6.1557,8.3998,82.5109,0.724
IDA,19093,WEST CENTRAL,45,0.4208,0.4083,-0.3037,1.6472,-0.8235,62.78,0.6195,4.593,7.9022,82.8933,0.6771
BREMER,19017,NORTHEAST,45,0.4213,0.376,-0.3028,2.3757,-1.3001,59.35,0.572,6.5115,9.0229,81.7756,0.6771
MADISON,19121,SOUTH CENTRAL,45,0.3772,0.3209,-0.3514,1.7394,-1.4605,55.39,0.5274,6.2417,8.3602,84.5056,0.6771
HENRY,19087,SOUTHEAST,46,0.3169,0.2856,-0.466,0.9154,-1.9169,60.1182,0.5674,4.7032,8.1843,84.575,0.6771
WAYNE,19185,SOUTH CENTRAL,42,0.4049,0.1922,-0.3121,2.3318,-1.3105,51.2857,0.5647,6.952,9.2195,84.7643,0.6719
WAPELLO,19179,SOUTHEAST,45,0.363,0.2996,-0.4049,1.368,-1.7672,55.94,0.5363,5.7145,8.2464,84.8111,0.6667
CRAWFORD,19047,WEST CENTRAL,46,0.3862,0.3199,-0.3145,1.4823,-0.9248,60.9,0.6206,4.7668,8.168,83.0609,0.6458
CLINTON,19045,EAST CENTRAL,46,0.4199,0.3626,-0.2695,1.9818,-0.7292,61.4273,0.514,5.3432,8.4343,83.1196,0.6406
CARROLL,19027,WEST CENTRAL,45,0.3713,0.2239,-0.3395,1.5141,-1.2485,59.83,0.5319,5.3016,8.1964,83.0911,0.6354
BUTLER,19023,NORTH CENTRAL,46,0.4169,0.3217,-0.265,2.1435,-0.8518,57.6091,0.5233,5.7936,8.6433,82.1967,0.625
FREMONT,19071,SOUTHWEST,43,0.2489,0.2088,-0.4963,0.6104,-2.4901,56.7125,0.5542,5.3776,8.2574,85.8721,0.6146
LINN,19113,EAST CENTRAL,43,0.3587,0.1912,-0.3354,1.5537,-1.3009,58.1875,0.5377,5.9622,8.6184,82.8384,0.599
BUCHANAN,19019,NORTHEAST,46,0.4145,0.2654,-0.2375,2.1729,-0.5395,58.8364,0.5353,5.7344,8.8467,81.9717,0.5885
LOUISA,19115,SOUTHEAST,43,0.2955,0.2524,-0.3998,0.914,-1.7698,58.05,0.5332,5.2496,8.0863,84.5279,0.5781
JONES,19105,EAST CENTRAL,46,0.4105,0.2454,-0.2091,2.1602,-0.2532,59.5364,0.5279,5.5192,8.6413,82.4587,0.5677
WARREN,19181,SOUTH CENTRAL,44,0.3169,0.1905,-0.3361,1.1899,-1.3757,53.3444,0.4963,5.5865,8.525,84.8852,0.5677
GREENE,19073,WEST CENTRAL,46,0.3389,0.2519,-0.3119,1.5525,-1.3112,58.3273,0.4642,5.9016,8.3913,83.438,0.5521
LUCAS,19117,SOUTH CENTRAL,44,0.2707,0.1477,-0.3464,1.0181,-1.7442,48.4778,0.4603,6.1031,8.7873,84.7443,0.5312
IOWA,19095,EAST CENTRAL,44,0.2825,0.1105,-0.3319,0.8501,-1.3948,56.5667,0.5362,5.4884,8.2705,83.6977,0.5104
FLOYD,19067,NORTH CENTRAL,45,0.352,0.3533,-0.2628,1.6894,-1.0486,56.04,0.5525,5.4979,8.9211,81.4611,0.4948
MUSCATINE,19139,EAST CENTRAL,46,0.3096,0.2456,-0.2734,1.1334,-0.8861,60.9273,0.6114,4.5943,8.387,83.9652,0.4792
DUBUQUE,19061,NORTHEAST,43,0.404,0.1972,-0.1321,2.3174,0.0614,61.85,0.5954,5.683,8.8151,81.5907,0.4792
DES MOINES,19057,SOUTHEAST,44,0.2154,0.247,-0.3642,0.4952,-1.4994,61.5222,0.5883,4.558,8.0777,84.6136,0.4792
BUENA VISTA,19021,NORTHWEST,44,0.3427,0.3187,-0.2386,1.5985,-0.9096,59.0444,0.5091,5.222,7.9443,82.3523,0.4688
CHEROKEE,19035,NORTHWEST,45,0.3728,0.304,-0.181,1.47,-0.3862,62.69,0.5665,4.2071,7.5404,82.7867,0.4583
BENTON,19011,EAST CENTRAL,44,0.302,0.1175,-0.2686,1.2726,-0.9044,59.7778,0.5382,5.6653,8.2759,82.8045,0.4531
MAHASKA,19123,SOUTHEAST,45,0.2563,0.1689,-0.302,0.8587,-1.1889,59.87,0.5557,4.8624,8.5651,84.43,0.4323
WINNESHIEK,19191,NORTHEAST,45,0.367,0.4187,-0.1384,1.9766,-0.2592,56.52,0.5697,5.568,9.1198,80.8456,0.4219
FAYETTE,19065,NORTHEAST,45,0.3811,0.2679,-0.0949,2.2462,0.027,58.14,0.5162,5.8755,9.0704,81.1578,0.4167
CLAYTON,19043,NORTHEAST,43,0.301,0.2706,-0.2034,1.3047,-0.6239,59.05,0.6134,4.9394,8.8191,81.4163,0.3958
JOHNSON,19103,EAST CENTRAL,45,0.2286,0.1065,-0.2922,0.6573,-1.2066,58.34,0.5475,5.0604,8.4018,83.7944,0.3906
WASHINGTON,19183,SOUTHEAST,44,0.2147,0.1395,-0.3059,0.5316,-1.3225,58.7222,0.4602,5.0489,8.1584,84.3364,0.3906
CALHOUN,19025,WEST CENTRAL,46,0.3161,0.2784,-0.1765,1.7214,-0.6239,58.0545,0.4798,5.9297,8.1254,82.8793,0.3802
POWESHIEK,19157,CENTRAL,45,0.2297,0.1011,-0.262,0.7525,-1.0688,58.11,0.5327,5.3724,8.5709,83.3533,0.3594
CERRO GORDO,19033,NORTH CENTRAL,44,0.347,0.2846,-0.0999,1.8708,-0.2401,57.6667,0.5583,5.5055,8.8534,81.342,0.3542
CHICKASAW,19037,NORTHEAST,45,0.2693,0.2994,-0.1991,1.5007,-0.9212,56.27,0.5979,6.3582,9.1922,81.0211,0.3542
MARION,19125,SOUTH CENTRAL,45,0.1671,0.1034,-0.3059,0.454,-1.4113,57.99,0.5412,5.0182,8.6198,84.6256,0.3438
SIOUX,19167,NORTHWEST,42,0.1969,0.0587,-0.2702,0.5255,-0.928,65.0143,0.6397,3.9728,6.8493,83.1321,0.3385
HANCOCK,19081,NORTH CENTRAL,46,0.3649,0.3115,-0.0315,1.953,0.4045,58.7273,0.5802,5.0327,8.4391,81.3891,0.3281
TAMA,19171,CENTRAL,44,0.2777,0.0797,-0.1158,1.4575,0.0889,59.3778,0.5221,5.0991,8.3061,82.8068,0.3021
BOONE,19015,CENTRAL,46,0.2043,0.0885,-0.2195,0.8933,-1.0288,59.6091,0.5223,6.0198,8.5654,83.4152,0.2969
HOWARD,19089,NORTHEAST,46,0.3006,0.3319,-0.0899,1.8399,-0.1223,56.2364,0.6275,6.2178,9.3737,80.3489,0.2865
CEDAR,19031,EAST CENTRAL,45,0.2697,0.1148,-0.1017,1.2383,-0.0059,62.34,0.5004,4.5991,8.5493,83.1522,0.276
ALLAMAKEE,19005,NORTHEAST,45,0.3096,0.3365,-0.0339,1.5219,0.1736,56.94,0.5407,4.7924,8.9533,81.0756,0.2708
POLK,19153,CENTRAL,46,0.1511,0.1052,-0.2585,0.3575,-1.2552,56.8727,0.4937,5.3527,8.5063,84.2826,0.2604
SCOTT,19163,EAST CENTRAL,46,0.1985,0.1497,-0.1898,0.6997,-0.644,65.0364,0.5404,4.4878,8.3296,83.4793,0.2604
JASPER,19099,CENTRAL,43,0.1635,0.0513,-0.2212,0.5259,-0.9828,60.8875,0.5512,5.2458,8.4463,83.8698,0.2604
MITCHELL,19131,NORTH CENTRAL,46,0.225,0.2909,-0.1125,1.3304,-0.4012,58.0273,0.6063,6.3306,9.2913,80.7098,0.2344
MARSHALL,19127,CENTRAL,43,0.2162,0.0641,-0.116,1.1481,-0.1817,62.725,0.5615,5.6583,8.4588,83.0488,0.2344
GRUNDY,19075,CENTRAL,45,0.2416,0.1602,-0.0677,1.1805,0.1338,63.08,0.5751,4.6739,8.4682,82.3411,0.2292
POCAHONTAS,19151,NORTHWEST,45,0.183,0.125,-0.1558,0.8161,-0.6363,58.55,0.5423,5.1996,8.0516,82.4922,0.224
STORY,19169,CENTRAL,46,0.1571,0.0623,-0.1826,0.6158,-0.8583,57.8909,0.4931,5.957,8.6213,83.3457,0.2135
HAMILTON,19079,CENTRAL,46,0.0522,-0.0103,-0.1909,-0.0885,-1.175,57.7,0.4828,5.9977,8.5157,82.4913,0.1927
HUMBOLDT,19091,NORTH CENTRAL,46,0.0391,0.046,-0.1905,-0.0044,-0.9749,57.4727,0.4695,5.112,8.1961,82.2772,0.1823
EMMET,19063,NORTHWEST,43,0.2319,0.1519,-0.0129,1.5776,0.3661,57.85,0.5149,6.3561,7.8735,81.6105,0.1823
WINNEBAGO,19189,NORTH CENTRAL,46,0.2336,0.1816,0.0434,1.4423,0.6785,59.0,0.6751,5.2668,8.8074,80.7793,0.1771
WEBSTER,19187,CENTRAL,46,0.0808,-0.0134,-0.176,0.2,-0.9156,56.8364,0.4456,5.5076,8.3237,82.6033,0.1719
FRANKLIN,19069,NORTH CENTRAL,46,0.174,0.0611,-0.1066,0.762,-0.2795,58.7091,0.5372,4.888,8.6007,81.8141,0.1719
WORTH,19195,NORTH CENTRAL,46,0.2328,0.2027,0.0717,1.3566,0.6673,56.6364,0.5764,5.2058,9.0748,80.713,0.1667
KOSSUTH,19109,NORTH CENTRAL,44,0.2199,0.166,0.0186,1.3911,0.5421,59.2333,0.561,5.5479,8.3232,81.742,0.1562
WRIGHT,19197,NORTH CENTRAL,46,0.0629,-0.1113,-0.137,0.1466,-0.6666,57.7455,0.4903,5.1512,8.3802,81.9022,0.151
HARDIN,19083,CENTRAL,45,0.1448,0.0991,-0.0894,0.7202,-0.2189,59.67,0.5308,5.5563,8.5796,82.4189,0.1146
PALO ALTO,19147,NORTHWEST,45,0.1522,0.1633,-0.0497,0.8365,-0.0843,57.32,0.5285,5.6255,7.916,82.1044,0.1042
DICKINSON,19059,NORTHWEST,46,0.1815,0.0435,0.0257,1.0492,0.356,55.0273,0.4961,5.372,7.6213,81.6913,0.1042
CLAY,19041,NORTHWEST,46,0.1139,0.1219,-0.0655,0.5694,-0.235,56.9727,0.5264,5.4397,7.5898,82.3141,0.0938
OSCEOLA,19143,NORTHWEST,44,0.1826,-0.0291,0.0934,1.1038,0.7363,58.7778,0.5995,5.0907,7.4468,81.9523,0.0885
LYON,19119,NORTHWEST,43,0.0371,-0.1762,-0.066,0.0654,-0.2742,61.625,0.6784,4.528,6.6542,82.8663,0.0729
O BRIEN,19141,NORTHWEST,46,0.0363,-0.0933,0.0884,0.2697,0.4654,61.6364,0.6102,4.5918,7.3459,82.45,0.0156
